Servidor do Goularte, 311627659828527104
FOGUETE PVP, 727557435363164240
Garena Free Fire Brasil, 388600486552403980
ITâ€™S A TRAP, 801894798641332254
FamiL ğŸ», 634770393382518826
Canal Clash War, 492858547919650836
Stumble Guys - Brasil, 938720732110782464
ğŸ‘‘ BRASIL ROLEPLAY, 595732094899060736
Space Roleplay, 782386903231758346
Blox Fruits ğŸ‡§ğŸ‡· SrDarkBlox YT | Blox Fruits â€¢ Anime â€¢ Social â€¢ Gaming â€¢ Emotes & Emojis, 714131978299113513
Lucas ON, 537007313492639765
DISCORD DO CELLBIT, 261289646065975296
Rocketseat, 327861810768117763
CDW, 934635845460303882
Canal PlayHard, 334791529296035840
Among Us Brasil (PortuguÃªs), 594296025561169926
LOUD Coringa, 756096490300112957
ğŸ‘‘ E D N ğŸ‘‘, 489286929473601536
FamÃ­lia ZezÃ£o, 456170392701108244
DERPONCE, 376174829486735360
Oficina do ErikCarr Â®, 582430782577049600
ğŸŒˆ IMPÃ‰RIO RJ ãƒ» SEASON 1 ğŸŒˆ, 538532806544850962
Universo do Godenot, 400755126047997952
CIDADE SANTA | SEASON 5, 690983940567334964
Cidade Alta RP, 519958987953668102
game.tv BR, 520285222793904176
ğŸŒ´ BAHAMASãƒ»OFICIALğŸŒ´, 1029541397835022346
Comunidade MangÃ¡ Livre - SlimeRead, 472974014088740885
Pixelmon Brasil Oficial Â©, 478961632236666881
Brazuca City | Season 3, 807106184850178078
Hype Roleplay, 714265730555576341
Disney Roleplay, 835190848979075072
Brasil Play VÃ­cio Red, 637164931027959808
Torre do Wuizard â„, 877639472173428757
GALAXY RP | BR, 826527057399775243
CDL, 777657136137764874
LORD, 800147435196383262
GIFZADA, 953748240589787136
VALORANT - BR (OFICIAL), 701867552946782260
Destiny Roleplay, 512098978331099146
Elixir Lab, 786233887705137163
BDA ğŸ”¥, 692883736940773376
LOUD BAK, 727053704892514344
RUSH, 952009663904358460
Gartic BR ğŸ‡§ğŸ‡·, 456915295307694111
7Criminal, 951504347378884648
VSCO | GIFs Icons Emojis & Emotes, 627485429783855124
Fugazzi Culture, 857830382938095647
TKF, 1029514308972982335
GIFNITY, 778802467604791337
Apartamento da Loritta ğŸŒ‡ğŸŒƒ, 297732013006389252
FiveZ Brasil - Season 8, 719278686699913227
Comunidade Tigre TV, 802185764364353577
Bkinho, 626498806405660687
Mush, 356472653906968576
ğŸ‘‘ PortugÃ¡lia RP ğŸ‘‘, 566092875499044865
Runeterra - BR, 611190099496927234
FDL, 822623795307216965
PLIQUE FAMILY, 898613243700998224
Team History, 422981185673625600
BUILD Scrims | SA, 862771292389900308
Brasil Play Shox, 656244004609851455
Spot Community, 894736096708145232
Supremo - by Painite, 1019244218973159484
Good Trades #100k | Blox Fruits Tradingãƒ»Animeãƒ»Socialãƒ»Gamingãƒ»Emotes & Emojis, 1022303823013888041
Let's Code, 867748958201315328
B4 E-Sports, 469680989174628364
Canal Flakes Power, 485486733207666688
Brasil Capital Roleplay, 589505947702001666
MangakÃ¡s MK, 826142700889309265
Forever, 496489150816714754
Comunidade Gallen, 785227659650924555
ğŸ§Ÿãƒ»Xou Family, 714973301902016554
Sebby Games, 510680019593461763
â˜  CyberPunks â™¡, 637443986528665611
Servidor do Buuf, 474390629951209475
PlayRay - RPG, 922504003978395648
Murilo Fabras, 766279077467652120
â›” ManutenÃ§Ã£o â›”, 776097788181086218
Oficial Fortnite Brasil & Portugal, 499203081209118720
Play SÃ©ries Filmes e Animes | Central, 643597733227397172
BLAKK GIFS #70K, 694112329645948988
Paulinho o Loko, 772857533631168552
Algazarra, 774822577285758996
TelleZ, 908779712673894431
Cartola ğŸ©, 758074370890530908
Gamers Club FN Community, 703694032450093107
Sorveteria da GuimaÂ®, 762548112622878720
Decorations For Servers! : #70k, 732311394879406192
Servidor dos Mentecaptos, 420378219854823424
Rocket League SA, 719000489106210856
Blueyes World ğŸŒ, 907040538254004274
DIO._, 689887036110274618
New Age Club, 653752015461154887
Dzordi FiveM Communityâ„¢, 862163901281075200
TazerCraft, 665353247757959169
Driscord Brasilâ„¢ ğŸª, 320705589049163776
AI HUB Brasil, 1124470937442603119
NOBRU, 717546607574515752
ZAK, 651787975264436275
SUF ğŸŒŠ, 947581824312410142
Gamers Club, 310098662984515584
Chaves Games, 802244362707664898
BRASIL REAL LIFE - PRINCIPAL, 547802284579356673
ğŸŒ„ ROBLOX EMPIRE ISLAND, 704156526956249189
Comunidade Soberana, 828778305691844609
LEAGUE of Hu3BR #60k, 524951730534744076
Servidor do Chelly, 661644628986036224
EB ExÃ©rcito Brasileiro, 896840730675413002
Nader FiveM, 852653677907148840
DALLAS RP Â®, 614190957482475562
ã€ŒğŸŒ€ã€Veyar YTã€ŒğŸŒ€ã€, 791450229907390494
Lala du Discord, 680529503750979620
Gb Family ğŸ…, 603280458805149696
Blackoutz, 467826353287331863
Time X ğŸ”¥, 372093361365975041
RepÃºblica Coisa de Nerd, 723727866164019232
Brasil Gaming Realista, 442371517515300864
SteveZ TV, 745023032715903096
NoWay Roleplay, 771874706534039552
LOUD Eltin, 737535902745755649
NT Fivem Community, 853309208779030528
Hidro ğŸŒŠ, 790738233037422622
HUMBLE, 638222336130285579
ğŸ„â”ƒFamÃ­lia Smurf, 607765084420177931
Underground Roleplay [ANDROID E PC], 618548240601710592
Hero Base, 842159620227072041
One | Roleplay, 753757415383498783
AnarchySons, 220576098134523904
ğŸŒ´ ILHADOS ğŸŒ´, 706715940276142111
Player's Bank ğŸš€, 875197474690719785
ğŸ”± Atlantic RP ğŸ”±, 719912316451160115
JJORDAN, 755259689649832028
Servidor do Neon, 893246472043261983
PUBG BRASIL OFICIAL, 702226596471373924
CRUSH PVP #RespeitaAsMina, 808184224589938769
Finch Cuts, 1141741351222902874
Subsolo do Goularte, 994425853154951279
Lords Mobile PT/BR, 684698749754540068
HUNTERS CLAN, 762532417764065290
LZN TEAM, 931740044417437736
OFFSET | Season 2, 748204530919014400
BATATÃ•ES ACADEMY, 311697548903579649
Gamers Club Fortnite, 774407661176356904
CancÃºn Roleplay, 878279351169318932
Distrito, 773229759680217088
GOAT, 632657191366557707
Clube dos Babes, 488151893516877862
FLUXO LUQUET4, 618213071143567361
ğŸ‘‘ PrivÃª #50k, 961006433585991680
Honor of Kings Brasil, 978655279157747712
Batalha da Aldeia, 705256190002593812
[ğŸ] Bester's Pilots, 813463313815961601
ClÃ£ NoobDemais, 605446560976994314
k a m a i t a c h i, 612117634909208576
Illusion, 869669730116599839
Inhouse Open, 789190853981241346
BRASIL ROLEPLAY 3 ğŸ†{PC/ANDROID}, 817924556358156360
STARSHIPS RJ, 864140785947508746
RagnarÃ¶k Online, 373175045213650948
Servidor do Brug, 817218875589394490
Ballerini, 789888698673922078
SNACKCLUB, 884458417467559936
enchanted no rio ğŸŒ, 975794597248766033
ğŸ‘ŠğŸ¼FIVEM TORCIDAS RP âš½, 732116254940332132
â–º Servidor da Feh â¤â—„, 740237720781193226
CROSSFIRE Brasil, 400722698009051137
coundraW Community - Standoff 2, 607101868069617664
MineWay | Minecraft Server, 894320808095277056
4K EASY GAME, 514779388873539594
Colmeia do Abelha, 727839747090939955
SINTONIA Roleplay, 852597621042184233
Nikoverso, 941497813865492563
BVBSERVER.COM, 562405062534496334
TITAN ROLEPLAY, 700119975092027502
Call of Duty Brasil: WARZONE, 686751510369140837
FamÃ­lia K #150K, 606191550954995743
AnimesK, 614904136437334044
Meta Cityãƒ»Roleplay, 1001898693554884630
KAMIKAZE GTA RP, 458180150882861068
Blue RP, 1052851568887726091
MelzinhaMel Games â‚Šâœ¦, 703962586583924736
ã€ ğŸ‰ GG Gamesâœ“ã€(OFICIAL), 689981542411665445
ALLIANCE MANUTENÃ‡ÃƒO, 911287122672111667
Biblioteca da Lulu | Concursos, 825795608110432276
ğŸ‡§ğŸ‡· Warriors: Animes | Jogos | interaÃ§Ã£o - (2X SONHOS!!) ğŸƒ, 832368852871938079
Terraria Brasil - O comeÃ§o da Jornada, 855128192364838932
ygorX ğŸ”±, 751311267808935986
Hylex - Minecraft, 680183137455833119
Brasil Roleplay #2, 788350204444803072
Guiga Games, 771400856372641823
Problems, 799015525794447390
Patch Fifex Server, 709919435024105594
Haze Evolution - Season 2, 757347896910807161
Comunidade Nettuno de Trade Esportivo, 705909589761064990
Style Roleplay: Season 4, 805895374903836712
Mudae BR, 673347608563023892
CIDADE GRANDE RP | BR, 788905600699858944
MineUs - Minecraft, 683680628843085835
ğŸ®Servidor do OdağŸ®, 804367685201821709
Souzones Station, 289871635455148032
Taspio, 576153916719366174
Final Level, 670308311706632212
ğŸƒ Animes CafÃ© #40k, 609159041499004982
Tomato ğŸ…, 962397077533519903
Servidor do YoDismo, 436564122478313502
Creative Squad ğŸŒ©, 749716543302140044
VAPO PVP, 1012496641443512433
Cidade dos Anjos, 740807954932170813
MuAwaY, 581478241374699531
Brasil Play VÃ­cio Blue, 729038541446840411
Maicon KÃ¼ster OFICIAL, 714879341904920677
CidCidoso, 537014316713639946
BMR - Brasil Mundo Real SEASON 2, 613247128822611999
ğŸ“¢ EXP DivulgaÃ§Ãµes, 524949199444377612
Discloud, 584490943034425391
ğŸ„ 40 SABORES ğŸ„, 788576978362040340
bel rodrigues ğŸ“š, 589319189785739264
Virtinados, 397533217155973121
TRM RP #30k, 594238946435661834
Irmandade ğŸ’–, 473518136222810113
SkyLand, 1078032947489275994
CAFOFO DO WEEDZAO, 663772565717647360
iBugames, 495658466354921493
VOLCHAT ğŸ¦¦âœ¨ğŸ’«, 692234029616857108
Nintendo Brasil Online, 453039479108927499
ğŸ¦Š Wolfoxy Gaming, 395271258285277185
TRIBO GAULES, 412631614099554326
ğŸŒ¸ Emilandâ„¢ ğŸŒ¸, 494942197922267136
ğŸ”¥`Fogo Queimado, 347214942715379723
Kings Roleplay, 1018652162496147476
Brasil Play Shox - RP, 905538768302407780
BRFP Servidor OFICIAL, 775780219499184168
Marble Gang, 608425584397385728
Morcegada #Bats, 354763826169774082
Server do Felpinho, 258648784039313408
ğ˜—ğ˜³ğ˜¦ğ˜­ğ˜¶ğ˜¥ğ˜¦ ğ˜™ğ˜¦ğ˜¢ğ˜­ğ˜ªğ˜´ğ˜®ğ˜° âœ¸ ğ™ğ™ƒğ™€ ğ™„ğ™ğ™‡ğ™€âœ¸, 437790591401590785
Sobrinhos Gamers, 742581531213692968
P7GOD family, 683167230309040271
ParaÃ­so Das E-Girls ğŸ­, 829038138688274453
ColisÃ£o do Tempo, 270955498298277899
Casinha do Heki, 825987752351760384
BAGISTREAM, 315246139601453066
ILHA DAS LENDAS, 1062833971429380126
Navio Sunny, 981704660823982151
Japeta, 279080975525478400
ILHA DA MALDADE ğŸŒ´, 907071669212946515
mount, 206679574447128579
Luxurious, 643169150721589258
â£ Limas Robux Community ğŸ’° #30K, 1042554839953051732
Square Cloud, 898377990906454016
Time Fx âœ¨, 771381666811346984
ALLIANCE STORE, 846864686166048828
Canal Manteiga, 573306820605640739
ğŸ° Brasil Cidade Grande MTA:SA, 519632307888455696
Ultragaz Mods, 784556603059077171
SMURFDOMUCA, 521014717670490128
ğŸ”° Play Life RP 1 ğŸ”° VOIP ON ğŸ¤, 684676696796168192
Server do R2Extreme!, 761620766784749568
ğŸ“¢ Divulgue Tudo #26K, 571815024255959041
Wave Advanced - Season 3, 1006972948999057439
Destiny 2 Brasil, 343023303893581824
SKT CITY, 755824217924042892
OG Community Cup #TheSVCup, 325344632156323860
Wild Rift Brasil, 906736049252884500
ğŸ… Spot Games | Comunidade de Minecraft, 835179730004082779
Z-PIECE ğŸ´â˜  [InDev], 940708449703039079
study community ğŸ‡§ğŸ‡·, 728741178186399836
Monkeys City, 833201871648194600
Academia Veritas, 961369953674596442
Diogo Defante OFICIAL, 705271072022331482
HIT ROLEPLAY OFICIAL, 777670245199642664
ğŸ§BRASIL ROLEPLAY5, 987380380598407248
New Life Roleplay, 887528121987919902
Blox Brasil, 842509742185119777
Tio Gus Server, 774312320699859014
gORDOx, 260513046441623554
PANELINHA DO WEBNAMORO, 995941327348961300
Valorant Pro BR, 302145123704242186
Guren, 601490822826950694
GOD GIFS ğŸ…ğŸ», 728643197315842083
PorÃ£o do Dante, 599413007201730560
Dash Optimizer, 972518068246941696
Kings RoleplayÂ®, 331258270914445324
Dengoso, 683871740878651433
ZUSHI, 621138487382376468
Sconza OtimizaÃ§Ã£o & FiveM, 1069198046795153428
IntoxiAnime, 219648294492569611
ã€” â˜ƒãƒ»Xablau TVãƒ»âœ® ã€•, 1004878799906820128
Grupo Secreto, 593617283432054807
Febatista, 664583904912605221
NEOBAKA, 1054867603547504740
EA SPORTS FC Mobile Brasil, 940052491339444245
Imperial Blox, 1023650759776153611
Laboria - MINECRAFT ROLEPLAY, 601132132693311566
Blox Center #25K - Blox Fruits Trading, 1018340698703007744
Real Cria, 999438748242694284
Loucademia do PolÃ­cia, 275458197941125121
Teyvat Universe | Genshin Impact Brasil ğŸª, 748720691645251716
Bubbles, 885758614252453950
FiveM de Pobre V2 | SA-MP [PC/ANDROID], 860314323179667476
[TripulaÃ§Ã£o Sparrow], 347449653546975235
ğŸ‰Fearnalizando GamesğŸ‰, 517500867071574033
Taverna Da Akali, 610544084007780372
Flowland, 596679486653726731
â„¢ MansÃ£o das Lollys ğŸ­, 1050800498346823752
Servidor Oficial Pro5M BOT, 616509036313182239
BOPEGG PVP, 1127493204325961748
Clube do VTzim, 722589315070427159
APOCALIPSE Z | OFICIALÂ®, 1013002141931155537
Darkpius - Drkz Community, 657825354660184075
Ongame Entretenimento, 510436113492738049
UniÃ£o Otaku, 792149786068254731
SWEET | Gifs Icons Emojis & Emotes, 602006032931225620
Minecraft Brasil, 870126035553902742
PROCESSOROLEPLAY.COM, 776324487603814412
SERVIDOR METALICO, 473588273621630976
SUPER SERVER, 914535217312727061
He4rt Developers, 452926217558163456
Kotcka â˜, 688897763152494604
CraftSapiens, 892472046729179136
ninexT - Alta Performance ğŸ§¼, 693546351388262480
Brawl Stars Brasil (Gustovow), 466332007740342313
Dead by Daylight Brasil, 242729925826707458
á´ á´Éªá´… á´„Éªá´›Ê ğŸ¦‹, 548474542687780884
ğŸ„MangÃ¡ Easy #30k ğŸ„, 867833103513550850
ğŸ’« BGO - BRASIL GAMING ONLINE, 519215420570599430
GTA V Online BR [DCBR], 343872197540052992
Zona de Duelos, 813070098834522122
DISCORD DO KIM, 739290482437259336
Conversa Toon, 665144069223350272
#KARLLUS 2M, 628635047175389194
ImpÃ©rio do Webnamoro, 608306472434270208
Dumativa Game Studio, 310533478485590018
â„ãƒ»Mystic Universe - Blox Fruits Trading #25kãƒ»â„, 940477578681122858
BRASIL ROLEPLAY 4 ğŸ†{PC/ANDROID}, 876072591511662623
ğŸ’Extreme GangWars Â® BRP GAMES (TDM), 880114598383063050
South America Memes, 758823756906102805
Super Server, 385443588269670400
Brawl Stars BR/PT, 356158777076088833
REDE STONE - Servidor de Minecraft, 543144393314402335
ğŸªãƒ»Cantinho dos L3PE #30k, 705484906423386187
HARDLIFE ğ‘…ğ‘œğ“ğ‘’ğ“…ğ“ğ’¶ğ“, 427657315064217600
Centro Das Batalhas [OFICIAL], 905251569258356757
Trade e Tudo - Rocket League JL, 774806837450899466
Megalodon - Torneios, 118024827050262529
The Firewall154 Empire, 422268125933993994
avkn.store, 996782241885716511
SAITAMANIAğŸ‘Š, 749482310797099159
Long Beach - New Wave, 696664282615513188
Comunidade Mine, 1059984143636762664
MiniMania ğŸƒ, 948051148491866133
PROJECT OFICIAL, 815331538656034816
Safira City | SEASON 2 | EM BREVE, 747459254818177086
GamesHyped, 1001564722329563277
Pro League Royale, 1026503021993152593
Flame, 730517177450627212
Brasil Roleplay Â® [XBOX ONE/SERIES]ğŸ‡§ğŸ‡·, 579126159070068746
HEEPH, 1101649903446405190
â•²ââ§¹Xizzenny Famiâ„“y ãƒ„ â§¸â â•±, 790938050057732107
Rede Paradox [SA-MP: PC/Android], 694339953433247774
Viajantes, 348294550554411008
WildRP #20k, 753786611543703552
Server do Big HeadGamer, 808429465017253929
BLOX FRUITS - BRASIL #19K, 1030151475135004794
Rede Nation, 229055492561829898
DreamTeam, 1027691699700502609
Mr Nerds, 814585126146015282
Fraternidade Crypto, 768189244639805520
sunflower, 752415993904496690
BRASIL PLAY GAMES, 664957343817269298
âœ¨ Rede DarkğŸŒ™, 417061847489839106
Mobile Legends: Bang Bang - Brasil, 941028646754344961
Roblox Universe, 888207521641271326
Servidor da Fhany, 745049338396409886
Guia Dev Brasil, 835773937265934388
Central Nerd#90K, 908466213972221982
ğŸ„ğŸ…ğŸ»Rede Dark ğŸ¦Œ, 716171497835855892
Canal do Saullo, 388085523564199948
Dark Thoughts | Official Server, 803453822319067146
Macro Helpers, 764096119797579807
FANÃTICOS TORCIDAS #17K, 764924190440292373
FamÃ­lia Master's, 620664110740144158
Santo Amaro RolePlay, 818250448096067654
ğ•¾ğ–”ğ–šğ–‘ğ–‘ğ–Šğ–—ğ–˜ ğŸ­, 367456246087024641
Aeroportunista, 1023019843315847208
SeleÃ§Ã£o Brasileira | SG, 921864933669503099
Apex Legends Brasil, 542501711860727848
ğŸ”¯ FM GLOBAL ğŸ”¯ Comunidade FiveM - Mta - Samp, 1000105533640024104
FURY ROLEPLAY, 755600746740842498
Cidade Eldorado RP, 845158991029469234
Comunidade Sea of Thieves Brasil, 806147920369287179
Crazy1007 #300K, 798399382297903115
yukirito, 395842143383453698
Cruz Community #20K, 861464159773261854
ğŸ’™ãƒ» CPX MÃšSICAS, 833350457199427634
CDL HOT ğŸ’, 1115669812664864851
Toca do Teemo, 715254479309635634
COMBOIO DO GG, 777371759212232715
m i d n i g h t, 877586532431708180
VDCãƒ»VALORANT #ValeuNatalina, 927348475086127164
BDA GIFS ğŸ”¥, 717699042347319359
Servidor do Doss, 760175047742324787
BONOXS, 1084854766988972153
LINUXtips, 769953234965889026
otPokÃ©mon, 378171256089870336
ONESTATE Brasil, 978274733122531338
Alta Pixels RP - MINECRAFT, 759482365977296898
Space Community MTA, 796285912127504435
Perfect World BR, 428180833044791297
PK Bobux, 1013524430389006449
ğŸŒ‡ Cidade da Alfacusaâ„¢, 773243899791015956
Toca dos Ratos, 368778200123179010
ğŸŒ´ãƒ»Cidade Bella Origens - MTA:SA, 736430271414403082
ALTO ASTRAL ğŸŒˆ #lgbtqiapn+, 1017118551951298600
KAKAZiT Community, 845719485653581834
AjnaMods | GTAV, 695050012866117643
SERVER DO ZTORRET, 666075899640152105
victoriemini, 756922064828366918
MARVEL ROLEPLAY, 872320730937843712
COMPLEXO - MTA, 988126642398441513
Street Studio, 667264695874486282
Black Desert SA, 974021064986361876
Krush PVP [ROBLOX], 909587300827144253
After City, 859575645104504842
Screen! ğŸ”¥, 530907295677415425
ImpÃ©rio - RPG, 1012065638556119050
ğŠğ‹ğ€ğ”ğ’ ğ“ğ• ğŸ‘‘, 473691705258934272
Albaara, 617444722784469043
Juninho Scripts #16K, 796914745277153321
BrunaBlince, 401453243537948682
GEDEZE ROCKET, 828778683740192778
NOVO ALFAS BRASILâ„¢, 272392804276371457
TROPA - Free Fire ğŸ¯, 908050859424899113
Los Katchorros, 581174586448674836
BAHAMAS, 788599242372546621
Nuvem Azul Oficial, 1122731624077983765
Shox Studio - 50% OFF Â©, 852311913139798018
Zero Communityâ„¢, 988251099117006878
Universidade SKT, 753503256248057887
Midnight (tokyo), 750032687867232406
Legado do Hoshizora, 905657718671540326
Mirai Jump ğŸ‡§ğŸ‡·, 892408936530075658
Mike, 1091016942225203202
Servidor do ZzN Gamer, 786420776843870228
â„¢Bagdad, 773905499455225900
EI MINE, 792948544624525322
Suite do Apolo, 1064058888518893679
CS:GO2 - Brasil, 220904314426753025
Yurei BR ğŸ‘», 845480610180890634
Magnumofspades, 512733165639696435
CARMO GAMES, 739472330941661247
Animes Vision, 586033471764430848
MUNDO DO GHOKs, 417485536094060555
RubinOT, 1069690873178226819
Star's CafÃ© ğŸ–¤, 802594126994210857
Brasil Realidade Virtual - MTA, 650072204570132511
World Anime RPG (W.A.R), 806905578130505758
Fyorilandia, 911621490871504956
ğŸ‘‘ ANIMEBLOX, 822994122197172234
HIT ROLEPLAY, 807825400402804757
David Santana #Rumo15K, 944358638909272114
Autodidatas em InglÃªs, 279045092386406400
GNX Server, 570641761937129484
ğ‘ªğ‘«ğ‘«Â® ğ˜¾ğ™Šğ™ˆğ™ˆğ™ğ™‰ğ™„ğ™ğ™” #16K ğŸ’š, 931012756184891422
HERA ROLEPLAY, 1052966015966904322
NUVEM, 1020184969022279750
FortFlix, 470998476054855694
TonhÃ£o da Silva, 368914908487614464
DiogoEsteves91, 742546463782862971
LinksBR, 954469430564388894
NewCord, 749990715471167488
EPIDEMIC Z, 815358429056598027
Code Help, 1094407116946685992
Clash of Clans BR, 311142888836694016
FichasOPâ„¢, 949132238149271552
Kennzy, 593282160086220822
FamÃ­lia Games #150K, 538111520522108929
Rede Blacky - MCPE, 832172180715864064
Cidade PortugaÂ® | RolePlay - Season 2, 805502985371254824
Mega Company | MTA:SA ğŸ…, 780169394961383435
RagnaTales, 878428976274628659
Boteco do LipinhO, 852868481350500392
IamLaysa ğŸ’œ, 593588642933506074
Dicas do Sargento, 634867099327791134
Faixa Preta Community | MTA:SA, 796490546910593074
Toca do Coelho, 750485169605181530
ğ˜½ğ™„3ğ™‡ - ğ˜¿ğ™„ğ™ğ˜¾ğ™Šğ™ğ˜¿, 510850180908580884
Noodles Picante, 584926863437070336
Rede Warriors, 490380290355757086
Escape from Tarkov Brasil, 307403235944169482
Capones Community Â© #13K, 906220650660778054
INFINITY 15K, 1039570611615305798
Storm Robux âš¡, 1093667308741869610
BONDE DO RATAQUE, 322164521622044674
NETHER, 811834237556097045
Bradoock, 598689637392973845
Projeto ACBr, 798697718800318484
BRDGAMER, 421329460340719616
Habblet, 767776038024511499
PUBG-BRASIL, 217777315202072586
Animes Paradise, 872962755538350110
Servidor do Geleia, 809783475367837767
ULTIMO SOBREVIVENTE, 662648668306014239
Maralto Roleplay, 834512592667934820
Rocketz Brasil Roleplay, 690992983310336071
SAS Brasil - The Isle, 605389794641707018
ETRIXâ„¢, 768471311831662673
ğ•­ ğ– ğ–Œ ğ•¯ ğ–” ğ–Œ ğ–˜ ğŸ„ğŸ, 726927269863358546
FURIA, 700387128227659797
Server Da Biana, 768572220297052211
Pudim, 621796560493215772
MATHEUSAV, 455509288266498058
Elite Community #15k, 796759127678124043
GTA TORCIDAS - OFICIAL, 637307649100087307
O Ferinha, 803646274389540874
CUPULA, 1122604687875637407
Programadores BR #15K, 755483507698172045
MINISTRO, 619708051406192669
Trupe das Calcinhas, 809582809807192084
ğŸ®Cá´á´á´œÉ´Éªá´…á´€á´…á´‡ - á´…Ê€Éªá´„Ã£á´Ò“Ã© #Â¹Â²áµ, 782760025654296576
CenÃ¡rio dos Crias, 945008592925380669
FUTURIUM, 756610469669765266
HoloWiWi marinaul, 389815290004766720
Haysen â”€ Republic, 914159864660504636
Botini ProgramaÃ§Ã£o & FiveM â˜•, 1005624915363385385
Modern City S.A., 824490213023416320
DragonPower, 414272866050113536
Overwatch 2 Brasil, 391040918787981322
OP RPG, 781182533458853928
ğŸ¥€ The Family' ğŸ¥€, 688391422088314882
Comunidade do ZÃ©, 1106990134236291123
NasaJoga, 801108412456894464
ãƒ  Lar do Pedrinho ãƒ , 947284126023680000
Servidor Tevis, 913627870419640380
Torajo Verso ğŸ ğŸ„, 1053090340044816396
Networking Brasil, 767220824302026802
marifpss, 493020565792096257
Mundo dos Animes - Brasil, 381920827513503755
Discord dos Bunitos ğŸŒˆ, 693698715549958166
StarDix, 447833437697474562
Dose Cheia, 815367682667839518
BUILD Console | SA, 1041107596721016943
Festinha do Rodil, 309847070888689667
Attack Community #20K, 765688504558157835
â˜… Memorias Eternas | Genshin Impact [BR] â˜…, 831344045871464478
ğŸ‘‘ Imperial City - Monte Seu ImpÃ©rio {MOBILE/PC}, 1070762572757872720
Mini World CREATA PortuguÃªsâ›„, 751534674723078174
Pixelmon Online, 436692867860135949
BR MODS ğŸ…, 733508645517525092
Catatau ğŸ…, 763311105434714113
Estudo Militar | BRASIL, 876641874704744538
Spelland - Sobrenatural RP, 937410753294651422
Sidercord ğŸ›¸, 687780538060505145
Discord do Leo e da Isa, 841176146783502348
NE:7K, 782948028859285504
TraduÃ§Ãµes PKG, 796710883316858890
GustaX Community, 1043689712533123133
Comunidade DBR, 405835147078795285
Genshin Impact Brasil, 752582022035275876
Aprenda Qualquer Coisa, 781881392204087306
Pobre TambÃ©m Dubla, 598740013621968909
Rede Dark, 449995737946783759
Mugiwaras, 736701720800919622
Discord do CamaleÃ£o, 622226652113534996
Brkk, 404321680627073025
RealMU Official, 694723843444441118
Servidor da Solange, 427197224779513876
Servidor do ShadowHXD, 479380626156290049
Universo Hackintosh, 887798875069505587
Servidor do DarkMelocoton, 653365355544051732
Pixelmon Brasil, 1008430033536286784
JEFFAO, 568970806302867486
Otaku's & Geek's Mania, 853831601422860308
Escalada ao Ã‰den, 721373386672046117
ARCADE PVP, 1077082045353836627
Bistecone, 909832491953696778
Poka$ Community #10k ğŸŒ´, 581874539789680677
BELA Vista, 953858238296780830
.âœ« comfy placeãƒ»*ã€‚, 854543574648225812
Nerdstone || Servidores de minecraft, 979786369297678346
Vale Chernobyl ğŸ”ğŸŒˆ ğŸ˜ˆ, 792196038949732382
VDCDãƒ»VALORANT, 850368657787715624
MarcÃ£oRX, 562093368939905025
SKYLINE BRASILÂ®, 996414449143529523
Digital design - Aceppts, 1000437676610179111
ğ—ğœğšğ¥ğğ ğ…ğ¢ğ¯ğğŒ #ğŸğŸ“ğŠ, 1030347912561037334
Bar do Liveira, 1074409184667385916
Wolfstreet Roleplay #SEASON1ğŸ„, 945898332604207104
Alta Classe, 938396355930517514
â†³ InfectionZ ğŸ”¥, 771038676167557120
IMAGIVERSO, 813405831591886859
Luarices, 800760414455332924
MANDRAKA, 793513754489913374
Super Sus Brasil Oficial, 980073134411644939
Flutterando, 509072164666867753
ğŸ® ğŸŒŸ League of Legends Brasil ğŸŒŸ ğŸ®, 421363688486731786
Militar:Store - GTA:SA, 795699736543887390
ğŸ’˜ Zona do Amor ğŸ’˜, 1020155691199111259
CDO, 776923417961824308
Kafra Portal, 147535432341520385
ğŸ’•CabarÃ© das Gostosas ÊšÄ­É, 859558365638295572
twitch.tv/brokenGO, 722209222854705183
PIU MODS, 901252783762731078
VitinhoJogaMine, 527700629297299479
GSH, 656673012094861332
Hiden Community, 768927947624153098
Bright, 804226330400522241
Frota, 740670420998553622
MEGA, 936697558489780285
Cold SysteM, 848962192179200031
Cast City, 864050310677528587
Ragna4th, 769367468887769089
Heat Store, 1087849058913226775
Lynx Wagner, 318224983447044096
MarqDev 3.0, 715380966595493992
Crube da Yulla, 713106636797116436
METROPOLIS, 711240986147291217
Downtown Roleplay ğŸ©¸ - VEM AÃ, 719396401695686686
MEUPC.NET, 251100148300513280
Academia das Lendas, 728479501956415518
ğŸ‡§ğŸ‡· Blox Fruits Hub #8.5k, 864127482847821835
PUBG MOBILE BRASIL, 427835148759859210
Lendas Do Mar Brasil, 350625901429391360
ğŸ“£ EXP DivulgaÃ§Ãµes ~ Lite, 616734092133793792
Planeta Novo OFICIAL, 707928546726903879
UBGE, 194925640888221698
FAITH7 E-SPORTS ğŸ”° 10K, 1025341096550744075
Rede Force ğŸ‘», 721775302916702208
SA:MP Mods City, 633053478528221214
Apartamento do Moraisâ„¢, 653076109856079896
ShutDowN | Comunidade, 628784810764140555
NÃƒO Ã‰ PORQUE ESTOU.., 847644559138619392
è€… Anti Clubâ€™à¿” ğŸ¥, 961862168448491560
GRANDE METROPOLE, 900523993499586570
Among Us Portugal, 753764082259198003
Comunidade Valorant BR, 708719358704222298
Bule de RelachÃ¡ da Eeiris, 847467344652664852
dokecord, 338007115685822466
amigos do gattin âœ¨, 675759997929652225
STAY CITY ğŸ¤, 1013169454357696632
KEILE MEG, 758063370963517510
Plurall 2Âº Serie, 711903304631844895
Savage Servidores (CS2 EM BREVE), 343532544559546368
Cidade Alpha, 948689163425812562
Bobbacraft | Servidor de Minecraft Survival e Anarquia, 579783430569721876
Projeto Charmoso FiveM Store, 526560685262503946
Iron Master, 746451177108930572
Anime's Days ManutenÃ§Ã£o, 743286609277091981
P7dro Comunidade, 1042608424166367334
AteliÃª da Replai, 786664929926316034
Falon's Nyan, 829697818171015268
Saint City: Season 3, 843227471598977054
FÃ¡brica de Noobs, 190158034301878272
Rede Revo, 793269891557490688
LiBra / GG, 182044459024908289
uWaazy Empire, 798438726475841586
MonsterZ PvE/PvP PC - Chernarus #1 - Maestro Group, 642908198868746240
Dead by Daylight Brasil, 387358429167222794
JAGA ğŸ’™, 866675855340863508
GIFCENTRAL, 1099806110443122739
KakaBolaMar - #KBM, 415361867557371905
RedeSGP ğŸ‘‘, 455550237331947542
2PLAY FTW ROLEPLAY, 806543118975107082
ğŸŒ´ Palm Roleplay, 977715891968024630
NeckoLau, 526104986455769138
BoyGG, 380105784878563335
Hentaistube.com, 873955354688520282
ğŸ‡§ğŸ‡· Heroes: Brasil, 980665536750948442
FiveM Brasil â€¢ Since 2018 #10k, 579020662413459466
Monster Hunter Brasil, 406431387756003329
First Academy, 930640527118958612
SL Benfica | Comunidade, 746845168988061898
ArkElite PVP, 401066782225596416
FARLANDS_TEMP: 2ğŸŒ, 801941493563523122
ã€ğŸ‘‘ã€Roleplay Brasilã€SEASON 1ã€, 933766721410572338
RPRP, 592751561185296408
Mulheres em Dados, 874446040386928650
CollabCod3, 462784660829896714
â­Stardew Valley BrasilğŸƒ, 389498644090322944
Mundinho da imKary, 774002962044813333
MINECRAFT BRASIL, 734171672277418124
balta.io, 734509390740324403
Taleon Online, 328238359275241483
Samp Edits, 809452364779225118
Corinthians, 933854216269738014
Shacoringa, 447980328938635264
PokeVÃ­cio - Pixelmon, 712753132798738503
EuSouAndroid, 426695858344558593
Lives PorkinBr, 845387758586953749
KingLandia ğğ…ğˆğ‚ğˆğ€ğ‹Â®, 448600262148489217
BATALHA RP, 935307781811089459
rocketmta.com, 940660578437955614
CS:GO Brasil, 436516889389301761
Reino Sobrenaturais, 776528752645111849
WEBNAMORO ğŸ’œ, 710215816867610654
Zanfas Cenegal, 486886478526545920
SAVAGE, 837457713679171584
Anime United, 216713090518089729
! : Ë–ğŸ° Decor Ë– World âŸ#8K, 912170179922899036
Bat Caverna, 957379345935110185
Dogz1m, 1017578478931025940
Money Strike ğŸ’¸, 856266070662053928
Escolinha do Exilado, 1047341407523835975
Blitz Smurfs âš¡, 844039072616022016
TIPSPACE, 987087377484894208
Utopia, 718473407116869683
armamc.com, 602976995499966465
WEBINFERNINHO, 1004132225794715788
Q28a, 825436632278368316
ARKDEX, 795852164555341824
Monkey - Fivem Dev 7K, 793484634725548053
Heaven's Paradise, 1125234022432383037
STOOMPAY, 688097551446310934
Bangerz Studios ğŸ¤˜ THE ERAS TOUR, 1132538822211686501
5PraMeioDia, 727616982341517414
RANKED ALEMÃƒ ğŸ…ğŸ»ğŸ„, 1015422749738541146
Berna Cripto ğŸ“º, 831690479140995162
[EB] ExÃ©rcito Brasileiro - Flithy012, 710172120897814629
AniColds | Animes & MangÃ¡ BR, 767434953871851601
Game On Portugal, 818108848492773377
XP +, 898033224608018454
SPK, 993208949052559473
Wesley Dc Oficial, 683522142960353291
First Fruit ğŸ | #recomeÃ§o, 1000887238361616484
MoonKase, 795366511560228924
Horda RPGista, 476968337725980720
World of Tanks PC | Brasil Oficial, 369210960726196224
âš¡ãƒ»LIGHT STORE, 1046597660318105660
BloxGang, 967875995476574278
Servidor do Pollux, 929108010557661254
Midas Club, 248243169932607488
Brasil New Start, 381623944748466188
Guilda dos Aventureiros, 731011816553054291
ğ™ğ™•, 545684461388300308
Comunidade ReaÃ§Ã£o, 554689178336755742
à­¨à­§, 640241619811172353
Multiverso RPGista, 646757907920322560
Desenho Mestre, 763516161589116958
Geladeira, 611894977089503248
mattayahu, 317659637308719114
VovoFPS, 475822031880060958
Literacia Financeira, 669159454557732864
JOJOLANDIA, 1014852807104417812
ğŸŒŠ â€¢ Genshin ImPaimon ! 7k! #BoostUs!, 972611206286286852
Pudding's Utopia ğŸ®, 524748755208241152
TDC - TROPA DOS CROCODILOS | MTA:SA & MÃšSICAS, 690012946444845110
Kyoto Station, 712483090643025932
PS2 Online HardLevel, 538756064783499265
DTM NA52 SERVER, 444175945230712851
MC - MasterCraft, 305483561773826048
Comunidade de Artistas, 578693724561866763
Nova Lisboa, 806163408441311253
DAYZ STALKER - 7K, 949965638707859466
Hellfire Club, 108534025651515392
ChorÃ£o RP, 728344139585945641
Lombrados, 713412026608648272
LaPromotion, 954749166591025172
Celinettos, 540109584975527938
Hyper Scripts - BLACK FRIDAY, 702254190063386645
Codify, 743482187365613641
ASTA COMMUNITY 2.0, 923074688652029962
HavaÃ­ Season 3, 842314904111415337
Intense Life SA-MP 8GS | GLOBAL, 325710754395455488
ğŸ”± Brasileiros Vivendo No Stylo, 759938986185326622
AniPT, 226098389660598273
Mestre do Networking, 1072588367851687986
AuthenticGames, 692143246096203879
Mamilos Club, 293944864893042688
XD FPS ğŸš€ #8k, 1080278920710078524
ğŸ’š NexT SysteM #10k, 1094728245540302983
EstaÃ§Ã£o Brawlhalla, 546924923495383051
RobloxBR, 683669700890198020
Midnight Oceanic, 948356599561482270
Quebrada Shop 2.0 | GTA V MODS, 638129915195293707
IZZI.gg, 699966429281124352
BACKUP - JUJUTSU KAISEN BRASIL!, 1133246540044054601
ClÃ£ do Erbito, 727283393993113740
FND â„, 664551012429725696
FacÃ§Ã£o NFX, 104607380603424768
Play time, 903679271736856626
Beco dos Degeneradosâ„¢, 847217061959565372
AspectMania ğŸ”¥, 843966851683581983
Bando do Heitir, 471825717273821185
Portuga Academy, 902615124869779476
Brasil Roleplay Oficial â›„, 884989074799218718
Rainbow Six BRASIL, 811714596263297034
Ao infinito e AlÃ©m!, 660965501798711302
Lost Ark Brasil, 759003907858104350
Minecraft Brasil, 777889235029852212
KTS COMMUNITY ğŸŒŠ, 1011210441206288415
SchoolArt, 844027900545990657
VNP - Vida No ParanÃ¡ #7k, 907087390181576716
Uzmi Games, 827352412398420018
Sabrinoca ğŸ’œ, 683422640425271316
Lord, 639526380270256158
INDROIDI, 321451049359638529
TugaPlace, 1131616130298040451
TN Corporation, 1049446019257090108
GalleyRP - Minecraft Roleplay, 960529029528715294
Union Of Savages, 1148192008087818380
REDE STORY - Servidor de Minecraft, 593144490307354624
Infinity Community #7K, 730446040997691493
Premiere, 897914245704986634
ğŸ›¸ ZNE Club #7k, 1036968851532955658
Server Alpha, 967588226929926234
MetrÃ³pole RoleplayÂ®, 947291558615584798
facÃ§Ã£o engana gado (+14), 895759165790756935
SussurroSquad#TIO90K, 900449117212389417
DaviGamer Play, 912362634299441223
Nation Resources, 703487972200284290
KittyMaceta 'ğŸŒª, 825215434978623509
NovaDAX, 978570033506684950
F0RSAKEN REALM, 753343344142188675
OVERCORD, 813479793634836492
KING'S OF ROLEPLAY ( KGRP ATO 5 ), 805277313234632705
Plurall 3Âº Serie, 818490188003016736
MarÃ© Alta RP - Season 1, 696932388462395473
Brodis do Chratos, 150815841280196610
ğŸ€ Fiverï¼¸ | Scripts, 870072436299825224
PokÃ©mon UNITE Brasil (Oficial), 818506621415850025
Ace Store #10K, 640627456918814721
SpectroPlayer, 664584572624699392
RefÃºgio da Fandublagem, 550850490360135687
#akuralovegang, 1052673053944991854
Ãguas MÃ¡gicas - Muskito, 869564868058038332
Geefe, 758473452839108640
Infinity Classic, 978740722964508692
Grupo do Slawer, 973740013617569812
Aoki TV, 494013418961895436
â¤¹ğŸ„âŒ¯ Animes Nightâ„¢ã€ƒ #7K, 715911059302645802
New Vibe, 884881188999823420
ğŸƒ Ah nÃ£o, 604754723530342400
Autismâ„¢, 366274666941251585
Servidor do Temchi, 938578543040929833
FPS: Troca de Tiro, 750064563763806279
Blox Fruits Comunidade, 823538485717631018
News N' Roses, 787170886376620032
Lar do Webnamoro, 754061234994675915
NOBRE CITY ROLEPLAY | SEASON #6500, 988969288708800603
South NetworkÂ® #10k, 831298156427083817
Servidor do Barra ğŸ’, 472173812394360862
FamÃ­lia Rohsal ğŸ”¥, 536864809879207937
ğŸ‡ DBD MOBILE - FRATERNITY ğŸ‡, 681973346576891933
DBC-CHAMPIONS, 378772468405633026
Gamera & Pompano, 553823031009607685
PorÃ£o Do Rafoso - Solo Leveling Theme, 390986022982516736
MaxPalaro, 205446581565128704
Aqui vocÃª Ã© feliz!, 1007770446072119296
Cronic, 816294788830855201
Canal MangaQ ğŸ¦–, 427849416112734208
Jumentossauro, 485738053663457280
LMT - Cracks, 1036336193589231748
RENEGADOS, 795298390622601246
TEMPEST TEAM, 853753572361240626
ğŸŒ€ World Of Minecraft - Meidde ğŸŒ€, 704167753069887508
Odinzada, 712855183604056165
DIGITAL KINGS ğŸŒ NETWORKING, 1060925534583935037
DuCortaa #7K, 931668438533959720
Jonboss TV, 698453268015218758
Teafe, 669725899502911553
ğŸ‡§ğŸ‡·ğŸ§¡ Templo da Web'amizade, 582587914785914880
Blox Empire #7K, 993247549647499285
MineSky Network, 672661692395814933
Os Crias RPG, 1000250615051583628
In your area, 955574896623251546
Club of Colors | LGBTQIA+, 757444431262515271
Arcanth Network, 616091934313676803
Cidade Brook RP, 881668088863547432
CANTINHO DA GALERA V4, 970310585398988831
Familia Cookie ğŸª, 887054639432876114
Servidor Do Bruno Best, 846479916496322630
Mini Fazenda, 826168701987455016
The Tavern's Blox Fruits, 937273675110043648
DR.GAMER, 620225328761143296
Casa do Win, 1011642354727395368
Grupo Whisky Brasil, 954745675520831549
ğŸƒ [EB] ExÃ©rcito Brasileiro, 895548953427341312
azulodeverso, 1060675462239633498
omonymouz | Valorant Portugal, 1027300263318519900
DopeNUIs #7k, 731698717131931658
LSPDFR BRASIL ğŸ„ğŸ…ğŸ¼, 1120796262216777819
GANG DO PVP, 859854157136658462
FLEMYS, 869814804712398879
Hasen, 1016733396539551874
Yoshi Gamer, 489461915089895434
Time Princess PT, 918681150900305950
BRawzillianCommunity, 729822356746535023
Menes Suecos, 409614692466819073
WEB3DEV, 898706705779687435
Hawk City Â© MTA Ê™á´‡á´›á´€, 670165732163715073
SeleÃ§Ã£o Portuguesa | SG ğŸ‡µğŸ‡¹, 849966085637144618
Demuxa, 319964606191632385
//ğŸ’œW0' Studio ğŸ’œ \\, 811677724250079342
CR Flamengo, 956003357129076746
Fechado ( entra na outro discord), 988510196982747157
Dormir NÃ£o DÃ¡ XP, 778666452819378186
KazuyaGamesOficialğŸ‘‘, 1046552829722116167
Servidor do Nando â€¢ ğŸ, 901823146364117044
Arena Community Â®, 818040569967935489
Comunidade Oficial ğŸ¥, 887717057758625855
ğŸ§­Grupo do Lons, 304993194293067777
Orange Juice, 847518545156112424
LEV Aspas ğŸŒª, 931720552211705896
ã€â¤ã€‘FamÃ­lia Do Toddyn, 933726103305089065
Design Ideal | 6K, 665927990676422684
Monesy, 959048432172015696
COMUNIDADE BRASIL #CMBr ğŸ‡§ğŸ‡·, 1053510196602871810
Leozim Gamers Community, 929420350461190144
BRUNX, 725467257655787560
Nuuvem, 363051689659465728
VeTs, 623204625251827724
The Project, 439263663837151242
B2K Development, 558655512741412864
PKT GAMERS ğŸ‡§ğŸ‡·, 1024803670061236274
âœ” SERVIDOR DA MAG, 926923109662093313
Ate breve ğŸš€ - Nix, 1009224289368674315
ğŸ’š Mix Community, 1033882778275692574
ğŸ‘‘ Marquinix Store! ğŸ’°#10K, 1032798690441707600
SUPREME, 900499545287450675
Leonardo Furtado | Tech Talk | Redes & Telecom, 816449889373651005
Distrito Skyvitor, 853327010519449600
r/Brasil ğŸŒˆ, 409519700750630922
KID - TheKID, 415607849763209216
TROPA DA QUINZE, 965355931351257129
BeloTrade - INVESTIMENTOS, 608077100238241793
DormitÃ³rio da Erza ğŸ’œ, 790756220397944884
Morro da RAPKHAOS, 845756800384237618
Kotcka Tweaker Â· Desbloqueie o verdadeiro potencial do seu PC, 918544934603194379
Impulso Team, 713050127270674442
iLeo0x Server, 441786491270594561
ã€ŒğŸ„ã€Igu's Hall #10k, 796079821443825684
Takeover Garage Drifting Brasil, 1008477374058348667
Clube dos OtÃ¡rios ğŸ®, 818824591434055681
Nan, 560595494573703169
Padaria ğŸ, 748917809995841666
Phasmophobia Brasil, 760825036616892458
Viking of South, 405137789949181954
SimplexÂ®, 713463841534771251
Familia Jounin ğŸ’™, 828399746951151636
Comunidade Warframe Brasil, 148763228699230209
Xbox Brasil, 542850472046755847
GamePlaysCassi â˜…, 598567071298617354
ğŸš€ Drops MTA #10K, 895777905337061417
thomezord, 367413555265404928
PlaggXz | 500k, 894776626255114330
Tealz, 1030220740982734898
DISCORD A VENDA, 766494607658844190
AtlÃ¢ntico, 1000552731003596892
TheCatela, 738056765530308618
Don't Starve Brasil, 250756170296328202
Blox Space â”ƒ#5k, 1083866155917258923
Webnamoro ğŸ¤, 1107150248838705245
Paradigma Education, 816296791162748959
Naruto Mobile Brasil - Oficial, 953368366385606687
Poke Fantasy Online, 408040941786497026
ATC, 257074996873134080
Liberty TGP - Playland, 930625070995501156
Z DUBS, 407593596414590976
Ã‰ o Fim, 973700881868546098
Naruto Online BR - Oficial, 941012595006124063
stex, 762799662393589772
BrasilCraft, 405788483920199681
Ordem Paranormal Wiki, 770811180323307522
Work Store! ğŸ”¨, 918333653896011816
RLBR, 561208699629338648
Reino do CÃ©u | Animes & mangÃ¡s, 1058525884279177267
ğŸŒ¹ãƒ»Bronzer Family #5K, 935269199662694461
CafÃ© do Polvo | UNHIDE School, 628315095075782659
ARUAN, 444521769085304832
Discord do Dan, 746631668109934603
ğ“‚ƒ ğŸŒ™ KNY: New Generationâ„¢, 868986167750717460
ğŸš˜ Fugas Insanas - MTA, 912346453530247199
ã‚» Anime's Dark [Em reforma], 830215805216096285
EA Brasil Apex Legends Mobile, 948822067963363369
Comunidade da Kosame, 834191314328485889
Rede Fantasy, 698700679832928337
TripulaÃ§Ã£o do Reginaldoo, 1057235351556587610
wasdefy, 343529431845044224
Canalhas, 1079126331876450355
SAFADASSO, 803649748581744650
InsightZ, 576869818980892683
THEWALKINGZ, 902188883972874310
BrunÃ³Ã³u's Family | GG, 695269955435888671
Zero Two Community's #5K, 1095432639189622797
IST Hub, 759576132227694642
Overwatch 2 Brasil, 748982412201033821
Drope Scan, 487352833834876931
Facinho Smurfs, 705905408119930980
zJu4nnãƒ„, 905558622401069117
NoRulesPvP, 942585052724875325
EstudaFQ - Comunidade de FÃ­sica e QuÃ­mica Prof Marco Pereira, 654400102550732804
ğŸ€ Bueiro do Rano =, 714812624709091398
Call of Duty: Mobile Brasil, 630223510253600778
ğŸ‡§ğŸ‡· Loding Hosting / Community Â©, 709523734872195123
Servidor do Teequis, 413008835125444619
Comunidade Flow Games, 1016488236459241482
DXS SHOP ğŸ’™âœ¨, 1067862703877673084
Donghua no Sekai, 606129938784845835
Future empire, 1070695909261840395
LOUD NAYU, 727213436571877466
Alcateia â„¢, 665253920209240065
ğŸ„LIMBOğŸ…, 752957883611742320
Jun1Nj, 562751043708911618
NexT Mods Ï #5K, 997940459127185489
Infinity Studio, 821435814562627585
caveira community #5k, 902673962583072828
SouJunior Labs, 759176734460346423
FamiliaDaComida, 249578285543981057
ğŸ‘‘WYDBR.COM, 387602427353759745
Standoff 2 Brasil, 725183714417573939
â˜• Cafeteria Geek â˜•, 851107851682447360
Chipart / PapaHardware, 655190434624045062
ğŸ‘‘A Grande SÃ£o Paulo, 480122179808133137
â› Rede CraftLife â›, 94235856516153344
FS Community #5k, 822971853198589972
ssribeiro, 1058124288210780170
PSoul, 837924900215324703
HyaBuxx #5KğŸ‰, 1075870136805888156
BOITATECH, 304088484228890644
ExÃ©rcito Brasileiro ğŸ–, 787758877374545931
ğ™‰ğ™Šğ™ğ™ğ™ƒ ğ™˜ğ™¤ğ™¢ğ™¢ğ™ªğ™£ğ™ğ™©ğ™® #5K, 788480439845126214
Skyline Store 5k, 665376004117757953
Celesty ğŸ…ğŸ», 1088529474070511697
DONA, 776945439442206761
Discord Misterioso, 815027847789936711
Sky Community Â®, 1054952514820251708
Eterium Network, 900879565814104074
JIScord, 754779971108470996
Magnus, 875012812299173888
amigos, 1101386670240174102
Novel Brasil, 726290600332230686
The Bitcoin Discord, 791295335279493152
TOCA DOS MONSTROSğŸ’€, 1022385155169591317
Î›STRÊ˜FERA, 764292371562496020
D4rkFrame, 934995345379844138
ELITE BR (ED), 156936579284205568
NewWay - Perfect World, 1056032666077630464
Fall Guys Brasil, 834047549405003777
twitch.tv/obaiano, 520961262885142528
JUVENTUDE FUTEBOLISTA br Â®, 1070359117362901032
DevPT ğŸ‡µğŸ‡¹, 730385704592343083
Haufen, 605358072801656852
C.R.I.S. - Ordem Paranormal ğŸŒ¸, 1024034430169395292
Battlefield Brasil, 405506950562840577
DuMonster Communityâ„¢ #5K, 908127644376252457
Ordem Calamidade, 1001492008621318284
Real Trash #4k, 1060298973274963999
Sapecos, 943542906785005638
BRASIL +, 798831629933346865
Fall Guys BRASIL, 743867536604397649
ğŸ“£ ~ Fast ~ Divulgue Tudo #4K, 674638476594905121
MangaHost - Leitor de MangÃ¡s, 335349406964383745
Mamoball â€¢ LBM, 1060634276376358993
âœ¨ Servidor do GW ğŸ¯, 867221871091122246
Dados CrÃ­ticos, 728447419632844811
ğŸ…¼ğŸ…¶ğŸ†‰ğŸ…²ğŸ†ğŸ…°ğŸ…µğŸ†ƒ, 351893748680097803
Minecraft Brasil - Server, 1060416382421958706
BLOCKTEAM, 915658545385582653
ğ™‚ğ™§ğ™ªğ™¥ğ™¤ ğ™™ğ™–ğ™¨ ğ™ˆğ™šğ™¡ğ™–ğ™£ğ™˜ğ™ğ™–ğ™¨ ğŸ‰#2.4k, 778726691610034197
â„ ğ—œğ—»ğ—³ğ—¶ğ—»ğ—¶ğ˜ğ˜† ğ—¦ğ˜ğ—¼ğ—¿ğ—² - MTA SA, 1062155292743319562
Torre do Mago, 713403470551711786
Audaz, 278353756574187521
Kamizak packs, 1081766944685969418
New City Rio de Janeiro Roleplay, 804370589728505916
Brasil Together [Oficial], 409082308067459161
GARCIA, 679340961045938207
Taverna Hearthstone, 337203812093657089
Mirys, 666473650068783114
Union - Lab & Botlist, 943650628499013722
à¼ºğ•³ğ–”ğ–šğ–˜ğ–Š ğ–”ğ–‹ ğ•²ğ–‘ğ–”ğ–—ğ–à¼», 782364208049422368
Path of Exile Brasil, 281540062368366592
Strawberry ğŸ·, 817447709119873054
YOUTUBER'S COMMUNITY, 933704272036651009
Bjorn Store ğŸª“, 795007115054809128
MÃ¡fia, 894819668089516072
Vaca Roxa, 331222714431963136
ğŸ›One ğiece ğaradise RPğŸ› #1950, 1008488416314400918
Mundos Elementais, 1126000671519428628
Teudassâ€™Store [CREDITOS E GIFT CARD], 1084619877047873596
JUPITER KING E-sportsâ„¢, 894992360205869087
The Overclock Bakery, 960917624005459999
ğŸ’«Caderno do DragÃ£o | C.D.Dâ­, 854007898422116362
Leaf Plugins | Melhor custo-benefÃ­cio do mercado!, 901627752392843296
PECINHAS SA-MP 2k â˜¯, 1095550345029107765
á´‡ÊŸá´á´á´€É´Éªá´€, 979744949430018108
Elysium, 530079686475251712
