Servidor do Goularte, 311627659828527104, 588557
FOGUETE PVP,727557435363164240,570489
Garena Free Fire Brasil,388600486552403980,364506
ITâ€™S A TRAP,801894798641332254,336014
FamiL ğŸ»,634770393382518826,324001
Canal Clash War,492858547919650836,321660
Stumble Guys - Brasil,938720732110782464,294036
ğŸ‘‘ BRASIL ROLEPLAY,595732094899060736,293347
Space Roleplay,782386903231758346,264524
Blox Fruits ğŸ‡§ğŸ‡· SrDarkBlox YT | Blox Fruits â€¢ Anime â€¢ Social â€¢ Gaming â€¢ Emotes & Emojis,714131978299113513,256618
Lucas ON,537007313492639765,243620
DISCORD DO CELLBIT,261289646065975296,242189
Rocketseat,327861810768117763,232641
CDW,934635845460303882,222071
Canal PlayHard,334791529296035840,221917
Among Us Brasil (PortuguÃªs),594296025561169926,217650
LOUD Coringa,756096490300112957,217148
ğŸ‘‘ E D N ğŸ‘‘,489286929473601536,209014
FamÃ­lia ZezÃ£o,456170392701108244,195909
DERPONCE,376174829486735360,185978
Oficina do ErikCarr Â®,582430782577049600,184515
ğŸŒˆ IMPÃ‰RIO RJ ãƒ» SEASON 1 ğŸŒˆ,538532806544850962,183088
Universo do Godenot,400755126047997952,177286
ğŸ–¤ãƒ»E-Girls Gifs,764587614254006284,161613
CIDADE SANTA | SEASON 5,690983940567334964,160882
Cidade Alta RP,519958987953668102,156233
game.tv BR,520285222793904176,154332
ğŸŒ´ BAHAMASãƒ»OFICIALğŸŒ´,1029541397835022346,153014
Comunidade MangÃ¡ Livre - SlimeRead,472974014088740885,152718
Pixelmon Brasil Oficial Â©,478961632236666881,147468
Brazuca City | Season 3,807106184850178078,146616
Hype Roleplay,714265730555576341,144245
Disney Roleplay,835190848979075072,143956
Brasil Play VÃ­cio Red,637164931027959808,140149
Torre do Wuizard â„,877639472173428757,137852
GALAXY RP | BR,826527057399775243,135895
CDL,777657136137764874,132894
LORD,800147435196383262,132873
GIFZADA,953748240589787136,130908
VALORANT - BR (OFICIAL),701867552946782260,129631
Destiny Roleplay,512098978331099146,129403
Elixir Lab,786233887705137163,123003
BDA ğŸ”¥,692883736940773376,121128
LOUD BAK,727053704892514344,119642
RUSH,952009663904358460,119556
Gartic BR ğŸ‡§ğŸ‡·,456915295307694111,117555
7Criminal,951504347378884648,115809
VSCO | GIFs Icons Emojis & Emotes,627485429783855124,115496
Fugazzi Culture,857830382938095647,112785
TKF,1029514308972982335,110178
GIFNITY,778802467604791337,109934
Apartamento da Loritta ğŸŒ‡ğŸŒƒ,297732013006389252,108631
FiveZ Brasil - Season 8,719278686699913227,108384
Comunidade Tigre TV,802185764364353577,104387
Bkinho,626498806405660687,102227
LapK Jogos+18,648890542788182036,101621
Mush,356472653906968576,97468
ğŸ”¥ NDC ğŸ”¥,849137097419390996,96987
ğŸ‘‘ PortugÃ¡lia RP ğŸ‘‘,566092875499044865,96458
Runeterra - BR,611190099496927234,95798
FDL,822623795307216965,94623
PLIQUE FAMILY,898613243700998224,92229
Team History,422981185673625600,90332
ğŸ‰ E X A ğŸ‰,869353363609899038,89852
BUILD Scrims | SA,862771292389900308,89765
Brasil Play Shox,656244004609851455,89209
Spot Community,894736096708145232,87247
Supremo - by Painite,1019244218973159484,86824
Good Trades #100k | Blox Fruits Tradingãƒ»Animeãƒ»Socialãƒ»Gamingãƒ»Emotes & Emojis,1022303823013888041,84826
Let's Code,867748958201315328,84557
B4 E-Sports,469680989174628364,84355
Canal Flakes Power,485486733207666688,84033
Brasil Capital Roleplay,589505947702001666,82972
MangakÃ¡s MK,826142700889309265,81727
Forever,496489150816714754,80384
Comunidade Gallen,785227659650924555,80330
ğŸ§Ÿãƒ»Xou Family,714973301902016554,80312
Sebby Games,510680019593461763,79912
â˜  CyberPunks â™¡,637443986528665611,79423
Servidor do Buuf,474390629951209475,78331
PlayRay - RPG,922504003978395648,77656
Murilo Fabras,766279077467652120,74436
â›” ManutenÃ§Ã£o â›”,776097788181086218,74170
Oficial Fortnite Brasil & Portugal,499203081209118720,73809
Play SÃ©ries Filmes e Animes | Central,643597733227397172,71314
BLAKK GIFS #70K,694112329645948988,69353
Paulinho o Loko,772857533631168552,69171
Algazarra,774822577285758996,68669
TelleZ,908779712673894431,68228
Cartola ğŸ©,758074370890530908,67207
Gamers Club FN Community,703694032450093107,66900
Sorveteria da GuimaÂ®,762548112622878720,66650
Decorations For Servers! : #70k,732311394879406192,65933
Servidor dos Mentecaptos,420378219854823424,64566
Rocket League SA,719000489106210856,64269
Blueyes World ğŸŒ,907040538254004274,63816
DIO._,689887036110274618,63665
New Age Club,653752015461154887,62967
Dzordi FiveM Communityâ„¢,862163901281075200,62918
TazerCraft,665353247757959169,62332
FILLER1,1,62324
Driscord Brasilâ„¢ ğŸª,320705589049163776,62242
AI HUB Brasil,1124470937442603119,61060
NOBRU,717546607574515752,60915
ZAK,651787975264436275,60537
SUF ğŸŒŠ,947581824312410142,60501
Gamers Club,310098662984515584,60303
Chaves Games,802244362707664898,60149
BRASIL REAL LIFE - PRINCIPAL,547802284579356673,60078
ğŸŒ„ ROBLOX EMPIRE ISLAND,704156526956249189,59788
Comunidade Soberana,828778305691844609,59480
LEAGUE of Hu3BR #60k,524951730534744076,59262
Servidor do Chelly,661644628986036224,58502
EB ExÃ©rcito Brasileiro,896840730675413002,57752
Nader FiveM,852653677907148840,57645
DALLAS RP Â®,614190957482475562,57601
ã€ŒğŸŒ€ã€Veyar YTã€ŒğŸŒ€ã€,791450229907390494,57444
Lala du Discord,680529503750979620,57143
Gb Family ğŸ…,603280458805149696,56915
Blackoutz,467826353287331863,56551
Time X ğŸ”¥,372093361365975041,56048
RepÃºblica Coisa de Nerd,723727866164019232,55870
Brasil Gaming Realista,442371517515300864,55497
SteveZ TV,745023032715903096,55358
NoWay Roleplay,771874706534039552,55133
LOUD Eltin,737535902745755649,54735
NT Fivem Community,853309208779030528,54461
Hidro ğŸŒŠ,790738233037422622,54358
HUMBLE,638222336130285579,54130
ğŸ„â”ƒFamÃ­lia Smurf,607765084420177931,53773
Underground Roleplay [ANDROID E PC],618548240601710592,53497
Hero Base,842159620227072041,52864
One | Roleplay,753757415383498783,52219
Reino da SeduÃ§Ã£o,974840339288457277,52205
AnarchySons,220576098134523904,52140
ğŸŒ´ ILHADOS ğŸŒ´,706715940276142111,52130
FILLER2,2,52097
Player's Bank ğŸš€,875197474690719785,51803
ğŸ”± Atlantic RP ğŸ”±,719912316451160115,51781
JJORDAN,755259689649832028,51587
Servidor do Neon,893246472043261983,51174
PUBG BRASIL OFICIAL,702226596471373924,50511
CRUSH PVP #RespeitaAsMina,808184224589938769,50312
Finch Cuts,1141741351222902874,50124
Subsolo do Goularte,994425853154951279,49922
Lords Mobile PT/BR,684698749754540068,49718
HUNTERS CLAN,762532417764065290,49374
LZN TEAM,931740044417437736,49308
OFFSET | Season 2,748204530919014400,49298
BATATÃ•ES ACADEMY,311697548903579649,48860
Gamers Club Fortnite,774407661176356904,48759
CancÃºn Roleplay,878279351169318932,48753
Distrito,773229759680217088,48458
GOAT,632657191366557707,48266
Cantinho do Lorde,814680968706392095,48162
FILLER3,3,47865
Clube dos Babes,488151893516877862,47838
FLUXO LUQUET4,618213071143567361,47702
ğŸ‘‘ PrivÃª #50k,961006433585991680,47591
Honor of Kings Brasil,978655279157747712,47329
Batalha da Aldeia,705256190002593812,47079
[ğŸ] Bester's Pilots,813463313815961601,46714
ClÃ£ NoobDemais,605446560976994314,46641
k a m a i t a c h i,612117634909208576,46442
Illusion,869669730116599839,45779
Inhouse Open,789190853981241346,45455
BRASIL ROLEPLAY 3 ğŸ†{PC/ANDROID},817924556358156360,44592
STARSHIPS RJ,864140785947508746,44347
RagnarÃ¶k Online,373175045213650948,43239
Servidor do Brug,817218875589394490,43225
Ballerini,789888698673922078,43130
SNACKCLUB,884458417467559936,43102
enchanted no rio ğŸŒ,975794597248766033,42935
ğŸ‘ŠğŸ¼FIVEM TORCIDAS RP âš½,732116254940332132,42155
â–º Servidor da Feh â¤â—„,740237720781193226,41964
CROSSFIRE Brasil,400722698009051137,41432
FamÃ­lia PL,672464399994191912,40872
coundraW Community - Standoff 2,607101868069617664,40822
MineWay | Minecraft Server,894320808095277056,40561
4K EASY GAME,514779388873539594,40182
Colmeia do Abelha,727839747090939955,40001
SINTONIA Roleplay,852597621042184233,39986
Nikoverso,941497813865492563,39870
BVBSERVER.COM,562405062534496334,39452
Lapk Zone #40k,763821813557100586,38885
TITAN ROLEPLAY,700119975092027502,38534
Call of Duty Brasil: WARZONE,686751510369140837,38456
FamÃ­lia K #150K,606191550954995743,38345
AnimesK,614904136437334044,38035
Meta Cityãƒ»Roleplay,1001898693554884630,37800
KAMIKAZE GTA RP,458180150882861068,37620
Blue RP,1052851568887726091,37592
MelzinhaMel Games â‚Šâœ¦,703962586583924736,37548
ã€ ğŸ‰ GG Gamesâœ“ã€(OFICIAL),689981542411665445,37302
ALLIANCE MANUTENÃ‡ÃƒO,911287122672111667,37289
Biblioteca da Lulu | Concursos,825795608110432276,37048
ğŸ‡§ğŸ‡· Warriors: Animes | Jogos | interaÃ§Ã£o - (2X SONHOS!!) ğŸƒ,832368852871938079,36850
Terraria Brasil - O comeÃ§o da Jornada,855128192364838932,36474
ygorX ğŸ”±,751311267808935986,36264
Hylex - Minecraft,680183137455833119,36256
Brasil Roleplay #2,788350204444803072,35884
Guiga Games,771400856372641823,35607
Problems,799015525794447390,35160
Patch Fifex Server,709919435024105594,35159
Haze Evolution - Season 2,757347896910807161,34891
Comunidade Nettuno de Trade Esportivo,705909589761064990,34890
Style Roleplay: Season 4,805895374903836712,34871
Mudae BR,673347608563023892,34584
AMERICA,1000563801587974196,34402
CIDADE GRANDE RP | BR,788905600699858944,34330
MineUs - Minecraft,683680628843085835,34313
ğŸ®Servidor do OdağŸ®,804367685201821709,34158
Souzones Station,289871635455148032,34144
MADARATR,772964486088491019,34112
Taspio,576153916719366174,33908
Final Level,670308311706632212,33573
ğŸƒ Animes CafÃ© #40k,609159041499004982,33188
Tomato ğŸ…,962397077533519903,32953
Servidor do YoDismo,436564122478313502,32935
DISCORD BRASIL,876880568560803900,32748
Creative Squad ğŸŒ©,749716543302140044,32619
VAPO PVP,1012496641443512433,32606
Cidade dos Anjos,740807954932170813,31991
MuAwaY,581478241374699531,31927
Brasil Play VÃ­cio Blue,729038541446840411,31888
Maicon KÃ¼ster OFICIAL,714879341904920677,31530
CidCidoso,537014316713639946,31502
BMR - Brasil Mundo Real SEASON 2,613247128822611999,31276
ğŸ“¢ EXP DivulgaÃ§Ãµes,524949199444377612,31245
Discloud,584490943034425391,31168
ğŸ„ 40 SABORES ğŸ„,788576978362040340,31124
bel rodrigues ğŸ“š,589319189785739264,30702
Virtinados,397533217155973121,30668
TRM RP #30k,594238946435661834,30451
Irmandade ğŸ’–,473518136222810113,30433
SkyLand,1078032947489275994,30366
Elite Das Putarias 2.0,982795400798937128,30295
CAFOFO DO WEEDZAO,663772565717647360,30256
iBugames,495658466354921493,30240
VOLCHAT ğŸ¦¦âœ¨ğŸ’«,692234029616857108,30233
Nintendo Brasil Online,453039479108927499,30224
ğŸ¦Š Wolfoxy Gaming,395271258285277185,30133
TRIBO GAULES,412631614099554326,29961
ğŸŒ¸ Emilandâ„¢ ğŸŒ¸,494942197922267136,29947
ğŸ”¥`Fogo Queimado,347214942715379723,29860
Kings Roleplay,1018652162496147476,29809
Brasil Play Shox - RP,905538768302407780,29761
BRFP Servidor OFICIAL,775780219499184168,29704
Marble Gang,608425584397385728,29644
ğŸ˜ˆ Elite Das Putarias ğŸ˜ˆ,552976210725175296,29642
LCS Scrims I SA,706706611552518164,29601
Morcegada #Bats,354763826169774082,29442
Server do Felpinho,258648784039313408,29304
ğ˜—ğ˜³ğ˜¦ğ˜­ğ˜¶ğ˜¥ğ˜¦ ğ˜™ğ˜¦ğ˜¢ğ˜­ğ˜ªğ˜´ğ˜®ğ˜° âœ¸ ğ™ğ™ƒğ™€ ğ™„ğ™ğ™‡ğ™€âœ¸,437790591401590785,29235
Sobrinhos Gamers,742581531213692968,29149
KAOS GIFS,859639719209467904,29143
P7GOD family,683167230309040271,29015
ParaÃ­so Das E-Girls ğŸ­,829038138688274453,28805
ğŸ”¥ | Devil Hentai,720767566133461055,28704
ColisÃ£o do Tempo,270955498298277899,28436
Casinha do Heki,825987752351760384,28329
BAGISTREAM,315246139601453066,28315
ILHA DAS LENDAS,1062833971429380126,28291
Navio Sunny,981704660823982151,28282
Japeta,279080975525478400,28255
ILHA DA MALDADE ğŸŒ´,907071669212946515,28089
mount,206679574447128579,27971
LIGA GEEK,302136068629856256,27942
Luxurious,643169150721589258,27934
â£ Limas Robux Community ğŸ’° #30K,1042554839953051732,27828
Square Cloud,898377990906454016,27723
American Pae,721374444077056041,27716
Time Fx âœ¨,771381666811346984,27655
ALLIANCE STORE,846864686166048828,27175
Canal Manteiga,573306820605640739,27154
ğŸ° Brasil Cidade Grande MTA:SA,519632307888455696,27095
ğŸ’ Never Die ğŸ’,476908445388505098,26781
Ultragaz Mods,784556603059077171,26764
SMURFDOMUCA,521014717670490128,26705
MIGRANDO..,766743614884675624,26594
ğŸ”° Play Life RP 1 ğŸ”° VOIP ON ğŸ¤,684676696796168192,26450
Server do R2Extreme!,761620766784749568,26425
ã‹› ã‹¡,1080925670475047004,26405
ğŸ“¢ Divulgue Tudo #26K,571815024255959041,26354
Wave Advanced - Season 3,1006972948999057439,26310
TripulaÃ§Ã£o Jedy,746904859642560604,26302
Destiny 2 Brasil,343023303893581824,26234
SKT CITY,755824217924042892,25990
BTL,805202834475319317,25956
IDP +18,729518217030270987,25686
OG Community Cup #TheSVCup,325344632156323860,25677
Wild Rift Brasil,906736049252884500,25566
ğŸ… Spot Games | Comunidade de Minecraft,835179730004082779,25511
Z-PIECE ğŸ´â˜  [InDev],940708449703039079,25416
study community ğŸ‡§ğŸ‡·,728741178186399836,25377
Monkeys City,833201871648194600,25336
Academia Veritas,961369953674596442,25330
Diogo Defante OFICIAL,705271072022331482,25326
HIT ROLEPLAY OFICIAL,777670245199642664,24992
ğŸ§BRASIL ROLEPLAY5,987380380598407248,24943
New Life Roleplay,887528121987919902,24633
Blox Brasil,842509742185119777,24617
Tio Gus Server,774312320699859014,24586
gORDOx,260513046441623554,24570
PANELINHA DO WEBNAMORO,995941327348961300,24528
Valorant Pro BR,302145123704242186,24428
Guren,601490822826950694,24383
GOD GIFS ğŸ…ğŸ»,728643197315842083,24374
PorÃ£o do Dante,599413007201730560,24355
Dash Optimizer,972518068246941696,24351
Kings RoleplayÂ®,331258270914445324,24323
Dengoso,683871740878651433,24301
ZUSHI,621138487382376468,23884
Sconza OtimizaÃ§Ã£o & FiveM,1069198046795153428,23689
Voltz,693919801382535232,23638
IntoxiAnime,219648294492569611,23635
ã€” â˜ƒãƒ»Xablau TVãƒ»âœ® ã€•,1004878799906820128,23567
Grupo Secreto,593617283432054807,23463
ğŸ”± PDK ğŸ”±,815597438379360257,23423
Febatista,664583904912605221,23343
NEOBAKA,1054867603547504740,23243
EA SPORTS FC Mobile Brasil,940052491339444245,23199
Imperial Blox,1023650759776153611,23139
Laboria - MINECRAFT ROLEPLAY,601132132693311566,23088
Blox Center #25K - Blox Fruits Trading,1018340698703007744,23069
Dead By Daylight PT/BR,754839219767083009,23036
Real Cria,999438748242694284,23018
Loucademia do PolÃ­cia,275458197941125121,23016
Teyvat Universe | Genshin Impact Brasil ğŸª,748720691645251716,22907
Bubbles,885758614252453950,22895
FiveM de Pobre V2 | SA-MP [PC/ANDROID],860314323179667476,22816
[TripulaÃ§Ã£o Sparrow],347449653546975235,22814
ğŸ‰Fearnalizando GamesğŸ‰,517500867071574033,22715
Taverna Da Akali,610544084007780372,22618
Flowland,596679486653726731,22604
â„¢ MansÃ£o das Lollys ğŸ­,1050800498346823752,22588
ğŸ­ãƒ»Recompensas GrÃ¡tisâ„¢ [NEW],1092879085677576202,22510
Servidor Oficial Pro5M BOT,616509036313182239,22498
BOPEGG PVP,1127493204325961748,22459
Clube do VTzim,722589315070427159,22409
APOCALIPSE Z | OFICIALÂ®,1013002141931155537,22359
Darkpius - Drkz Community,657825354660184075,22179
Ongame Entretenimento,510436113492738049,22059
UniÃ£o Otaku,792149786068254731,21988
SWEET | Gifs Icons Emojis & Emotes,602006032931225620,21889
Minecraft Brasil,870126035553902742,21817
PROCESSOROLEPLAY.COM,776324487603814412,21793
SERVIDOR METALICO,473588273621630976,21733
SUPER SERVER,914535217312727061,21685
He4rt Developers,452926217558163456,21624
Kotcka â˜,688897763152494604,21577
CraftSapiens,892472046729179136,21550
ninexT - Alta Performance ğŸ§¼,693546351388262480,21380
Brawl Stars Brasil (Gustovow),466332007740342313,21270
Dead by Daylight Brasil,242729925826707458,21262
á´ á´Éªá´… á´„Éªá´›Ê ğŸ¦‹,548474542687780884,21135
ğŸ„MangÃ¡ Easy #30k ğŸ„,867833103513550850,21095
ğŸ’« BGO - BRASIL GAMING ONLINE,519215420570599430,21059
GTA V Online BR [DCBR],343872197540052992,21042
Zona de Duelos,813070098834522122,20912
DISCORD DO KIM,739290482437259336,20895
Conversa Toon,665144069223350272,20893
#KARLLUS 2M,628635047175389194,20765
ImpÃ©rio do Webnamoro,608306472434270208,20613
Dumativa Game Studio,310533478485590018,20558
â„ãƒ»Mystic Universe - Blox Fruits Trading #25kãƒ»â„,940477578681122858,20453
ğŸ”¥ IDP HOT ğŸ”¥ #30K,892778230866665472,20356
BRASIL ROLEPLAY 4 ğŸ†{PC/ANDROID},876072591511662623,20327
ğŸ’Extreme GangWars Â® BRP GAMES (TDM),880114598383063050,20220
Neon City,750191845572608060,20217
South America Memes,758823756906102805,20202
Super Server,385443588269670400,20190
Brawl Stars BR/PT,356158777076088833,20154
REDE STONE - Servidor de Minecraft,543144393314402335,20133
ğŸªãƒ»Cantinho dos L3PE #30k,705484906423386187,20041
HARDLIFE ğ‘…ğ‘œğ“ğ‘’ğ“…ğ“ğ’¶ğ“,427657315064217600,19811
Centro Das Batalhas [OFICIAL],905251569258356757,19796
Trade e Tudo - Rocket League JL,774806837450899466,19750
Megalodon - Torneios,118024827050262529,19519
The Firewall154 Empire,422268125933993994,19494
avkn.store,996782241885716511,19446
SAITAMANIAğŸ‘Š,749482310797099159,19283
Long Beach - New Wave,696664282615513188,19281
Comunidade Mine,1059984143636762664,19281
MiniMania ğŸƒ,948051148491866133,19278
PROJECT OFICIAL,815331538656034816,19269
Safira City | SEASON 2 | EM BREVE,747459254818177086,18994
GamesHyped,1001564722329563277,18952
Pro League Royale,1026503021993152593,18811
CoffeLand âœ¨#30k,973562967377473596,18795
Flame,730517177450627212,18761
Brasil Roleplay Â® [XBOX ONE/SERIES]ğŸ‡§ğŸ‡·,579126159070068746,18755
HEEPH,1101649903446405190,18745
â•²ââ§¹Xizzenny Famiâ„“y ãƒ„ â§¸â â•±,790938050057732107,18676
Rede Paradox [SA-MP: PC/Android],694339953433247774,18589
Viajantes,348294550554411008,18568
WildRP #20k,753786611543703552,18425
Server do Big HeadGamer,808429465017253929,18402
BLOX FRUITS - BRASIL #19K,1030151475135004794,18387
Rede Nation,229055492561829898,18347
DreamTeam,1027691699700502609,18235
Mr Nerds,814585126146015282,18233
Fraternidade Crypto,768189244639805520,18173
sunflower,752415993904496690,18055
BRASIL PLAY GAMES,664957343817269298,18054
âœ¨ Rede DarkğŸŒ™,417061847489839106,18001
Mobile Legends: Bang Bang - Brasil,941028646754344961,17989
Roblox Universe,888207521641271326,17928
Servidor da Fhany,745049338396409886,17921
Guia Dev Brasil,835773937265934388,17832
PorÃ£o dos Fetiches ğŸ§,1050952314590085161,17792
Central Nerd#90K,908466213972221982,17738
ğŸ„ğŸ…ğŸ»Rede Dark ğŸ¦Œ,716171497835855892,17733
Canal do Saullo,388085523564199948,17720
Dark Thoughts | Official Server,803453822319067146,17719
Macro Helpers,764096119797579807,17714
FANÃTICOS TORCIDAS #17K,764924190440292373,17699
FamÃ­lia Master's,620664110740144158,17669
Santo Amaro RolePlay,818250448096067654,17586
ğ•¾ğ–”ğ–šğ–‘ğ–‘ğ–Šğ–—ğ–˜ ğŸ­,367456246087024641,17552
Aeroportunista,1023019843315847208,17442
SeleÃ§Ã£o Brasileira | SG,921864933669503099,17440
Apex Legends Brasil,542501711860727848,17413
ğŸ”¯ FM GLOBAL ğŸ”¯ Comunidade FiveM - Mta - Samp,1000105533640024104,17377
Server bom,703360124143796265,17344
FURY ROLEPLAY,755600746740842498,17280
Cidade Eldorado RP,845158991029469234,17277
Comunidade Sea of Thieves Brasil,806147920369287179,17277
Crazy1007 #300K,798399382297903115,17243
yukirito,395842143383453698,17134
Cruz Community #20K,861464159773261854,17035
ğŸ’™ãƒ» CPX MÃšSICAS,833350457199427634,16928
CDL HOT ğŸ’,1115669812664864851,16919
Toca do Teemo,715254479309635634,16808
COMBOIO DO GG,777371759212232715,16747
m i d n i g h t,877586532431708180,16705
VDCãƒ»VALORANT #ValeuNatalina,927348475086127164,16662
BDA GIFS ğŸ”¥,717699042347319359,16636
Servidor do Doss,760175047742324787,16630
Edu Dicas e Gameplay,586675318073589760,16577
BONOXS,1084854766988972153,16565
LINUXtips,769953234965889026,16563
otPokÃ©mon,378171256089870336,16557
Cats&Coffe,806244869722341396,16428
ONESTATE Brasil,978274733122531338,16414
Alta Pixels RP - MINECRAFT,759482365977296898,16414
Space Community MTA,796285912127504435,16372
Perfect World BR,428180833044791297,16274
PK Bobux,1013524430389006449,16194
ğŸŒ‡ Cidade da Alfacusaâ„¢,773243899791015956,16177
Toca dos Ratos,368778200123179010,16145
ğŸŒ´ãƒ»Cidade Bella Origens - MTA:SA,736430271414403082,16085
ALTO ASTRAL ğŸŒˆ #lgbtqiapn+,1017118551951298600,16085
KAKAZiT Community,845719485653581834,15984
AjnaMods | GTAV,695050012866117643,15946
ğŸ‚ | Erp Point,819298925696778341,15862
SERVER DO ZTORRET,666075899640152105,15612
victoriemini,756922064828366918,15587
MARVEL ROLEPLAY,872320730937843712,15571
COMPLEXO - MTA,988126642398441513,15562
Animes Evolution ğŸœ,657843574028894220,15503
Street Studio,667264695874486282,15495
Black Desert SA,974021064986361876,15445
Krush PVP [ROBLOX],909587300827144253,15433
Otaku Supremeâ„¢,693569005444923412,15425
After City,859575645104504842,15421
Screen! ğŸ”¥,530907295677415425,15375
ImpÃ©rio - RPG,1012065638556119050,15356
ğŠğ‹ğ€ğ”ğ’ ğ“ğ• ğŸ‘‘,473691705258934272,15292
Albaara,617444722784469043,15284
Juninho Scripts #16K,796914745277153321,15140
BrunaBlince,401453243537948682,15047
GEDEZE ROCKET,828778683740192778,15002
NOVO ALFAS BRASILâ„¢,272392804276371457,14997
ğŸ”¥ All Star BR | #15kğŸ”¥,819510191875162112,14993
TROPA - Free Fire ğŸ¯,908050859424899113,14894
Los Katchorros,581174586448674836,14890
BAHAMAS,788599242372546621,14879
Zone World Brasil,768035333283119114,14837
Nuvem Azul Oficial,1122731624077983765,14814
GALERIA 15K,798527413054734406,14807
Shox Studio - 50% OFF Â©,852311913139798018,14789
Zero Communityâ„¢,988251099117006878,14765
Universidade SKT,753503256248057887,14708
Midnight (tokyo),750032687867232406,14691
Legado do Hoshizora,905657718671540326,14689
Mirai Jump ğŸ‡§ğŸ‡·,892408936530075658,14682
Mike,1091016942225203202,14642
Servidor do ZzN Gamer,786420776843870228,14568
â„¢Bagdad,773905499455225900,14555
EI MINE,792948544624525322,14530
ğŸ”¥ RED ã‚²ãƒ¼ãƒ ,908485617057419285,14462
Suite do Apolo,1064058888518893679,14459
CS:GO2 - Brasil,220904314426753025,14445
Yurei BR ğŸ‘»,845480610180890634,14444
Magnumofspades,512733165639696435,14418
Cash Roleplay R,807585185633271859,14379
CARMO GAMES,739472330941661247,14351
Animes Vision,586033471764430848,14349
MUNDO DO GHOKs,417485536094060555,14309
RubinOT,1069690873178226819,14278
Star's CafÃ© ğŸ–¤,802594126994210857,14121
Brasil Realidade Virtual - MTA,650072204570132511,14108
World Anime RPG (W.A.R),806905578130505758,14106
Fyorilandia,911621490871504956,14088
ğŸ‘‘ ANIMEBLOX,822994122197172234,14029
HIT ROLEPLAY,807825400402804757,14017
David Santana #Rumo15K,944358638909272114,14007
Autodidatas em InglÃªs,279045092386406400,13967
GNX Server,570641761937129484,13952
ğ‘ªğ‘«ğ‘«Â® ğ˜¾ğ™Šğ™ˆğ™ˆğ™ğ™‰ğ™„ğ™ğ™” #16K ğŸ’š,931012756184891422,13895
HERA ROLEPLAY,1052966015966904322,13850
NUVEM,1020184969022279750,13848
Skyland,684368295939276809,13844
FortFlix,470998476054855694,13787
TonhÃ£o da Silva,368914908487614464,13780
DiogoEsteves91,742546463782862971,13719
LinksBR,954469430564388894,13701
ğŸ”¥Reino do KaosğŸ”¥,1083139734022402140,13681
NewCord,749990715471167488,13673
EPIDEMIC Z,815358429056598027,13626
Code Help,1094407116946685992,13620
Clash of Clans BR,311142888836694016,13575
FichasOPâ„¢,949132238149271552,13571
Kennzy,593282160086220822,13522
FamÃ­lia Games #150K,538111520522108929,13520
Rede Blacky - MCPE,832172180715864064,13450
Cidade PortugaÂ® | RolePlay - Season 2,805502985371254824,13433
Mega Company | MTA:SA ğŸ…,780169394961383435,13430
RagnaTales,878428976274628659,13401
Garu,445378896016441355,13399
Boteco do LipinhO,852868481350500392,13397
IamLaysa ğŸ’œ,593588642933506074,13387
Dicas do Sargento,634867099327791134,13323
Faixa Preta Community | MTA:SA,796490546910593074,13254
TROPICAL VIBES ğŸŒ´,785172421082218537,13218
Galo Sniper,818515995530362921,13215
Toca do Coelho,750485169605181530,13175
ğ˜½ğ™„3ğ™‡ - ğ˜¿ğ™„ğ™ğ˜¾ğ™Šğ™ğ˜¿,510850180908580884,13146
Noodles Picante,584926863437070336,13119
Rede Warriors,490380290355757086,13114
Escape from Tarkov Brasil,307403235944169482,13112
Capones Community Â© #13K,906220650660778054,13091
INFINITY 15K,1039570611615305798,13077
Storm Robux âš¡,1093667308741869610,13051
BONDE DO RATAQUE,322164521622044674,13006
Privacy Flacko ğŸ¦‡,947178064910118983,13005
NETHER,811834237556097045,12975
Bradoock,598689637392973845,12956
Projeto ACBr,798697718800318484,12950
BRDGAMER,421329460340719616,12929
Habblet,767776038024511499,12901
PUBG-BRASIL,217777315202072586,12739
Animes Paradise,872962755538350110,12715
Servidor do Geleia,809783475367837767,12669
ULTIMO SOBREVIVENTE,662648668306014239,12643
Maralto Roleplay,834512592667934820,12632
Churras na laje,783443126052061204,12623
Rocketz Brasil Roleplay,690992983310336071,12487
SAS Brasil - The Isle,605389794641707018,12458
Animes Diariamente,239822350399438849,12451
ETRIXâ„¢,768471311831662673,12451
ğ•­ ğ– ğ–Œ ğ•¯ ğ–” ğ–Œ ğ–˜ ğŸ„ğŸ,726927269863358546,12451
FURIA,700387128227659797,12446
Server Da Biana,768572220297052211,12439
Pudim,621796560493215772,12380
MATHEUSAV,455509288266498058,12314
Elite Community #15k,796759127678124043,12276
GTA TORCIDAS - OFICIAL,637307649100087307,12225
O Ferinha,803646274389540874,12214
CUPULA,1122604687875637407,12192
Programadores BR #15K,755483507698172045,12161
MINISTRO,619708051406192669,12084
Trupe das Calcinhas,809582809807192084,12073
ğŸ®Cá´á´á´œÉ´Éªá´…á´€á´…á´‡ - á´…Ê€Éªá´„Ã£á´Ò“Ã© #Â¹Â²áµ,782760025654296576,12054
CenÃ¡rio dos Crias,945008592925380669,12043
FUTURIUM,756610469669765266,12011
HoloWiWi marinaul,389815290004766720,11890
Haysen â”€ Republic,914159864660504636,11886
Botini ProgramaÃ§Ã£o & FiveM â˜•,1005624915363385385,11862
Modern City S.A.,824490213023416320,11854
DragonPower,414272866050113536,11821
Overwatch 2 Brasil,391040918787981322,11798
OP RPG,781182533458853928,11753
ğŸ¥€ The Family' ğŸ¥€,688391422088314882,11728
Comunidade do ZÃ©,1106990134236291123,11727
NasaJoga,801108412456894464,11713
ãƒ  Lar do Pedrinho ãƒ ,947284126023680000,11692
Servidor Tevis,913627870419640380,11604
Torajo Verso ğŸ ğŸ„,1053090340044816396,11600
Networking Brasil,767220824302026802,11579
Original Gangster,734979911239860244,11568
marifpss,493020565792096257,11540
Mundo dos Animes - Brasil,381920827513503755,11525
Discord dos Bunitos ğŸŒˆ,693698715549958166,11485
StarDix,447833437697474562,11484
Dose Cheia,815367682667839518,11478
BUILD Console | SA,1041107596721016943,11445
Festinha do Rodil,309847070888689667,11404
Attack Community #20K,765688504558157835,11401
â˜… Memorias Eternas | Genshin Impact [BR] â˜…,831344045871464478,11373
ğŸ‘‘ Imperial City - Monte Seu ImpÃ©rio {MOBILE/PC},1070762572757872720,11357
Mini World CREATA PortuguÃªsâ›„,751534674723078174,11356
Pixelmon Online,436692867860135949,11346
BR MODS ğŸ…,733508645517525092,11337
Catatau ğŸ…,763311105434714113,11321
Estudo Militar | BRASIL,876641874704744538,11314
Spelland - Sobrenatural RP,937410753294651422,11301
Sidercord ğŸ›¸,687780538060505145,11299
Discord do Leo e da Isa,841176146783502348,11270
NE:7K,782948028859285504,11268
TraduÃ§Ãµes PKG,796710883316858890,11233
GustaX Community,1043689712533123133,11206
Carol das Plaquinhas,850197487910387723,11190
Comunidade DBR,405835147078795285,11187
Genshin Impact Brasil,752582022035275876,11184
Aprenda Qualquer Coisa,781881392204087306,11175
Pobre TambÃ©m Dubla,598740013621968909,11096
Rede Dark,449995737946783759,11092
ğŸ˜ˆ IDP HOT ğŸ˜ˆ,778382480217735168,11076
Mugiwaras,736701720800919622,11075
Discord do CamaleÃ£o,622226652113534996,11065
Brkk,404321680627073025,11043
RealMU Official,694723843444441118,11026
Servidor da Solange,427197224779513876,11021
M2games,343570336987611147,11001
Otaku World #O recomeÃ§o,906589243575500811,11000
Servidor do ShadowHXD,479380626156290049,10991
Universo Hackintosh,887798875069505587,10984
Servidor do DarkMelocoton,653365355544051732,10984
Pixelmon Brasil,1008430033536286784,10971
Santa Cruz | Loading....,1071986382433693829,10969
JEFFAO,568970806302867486,10950
Otaku's & Geek's Mania,853831601422860308,10933
Escalada ao Ã‰den,721373386672046117,10915
ARCADE PVP,1077082045353836627,10869
ğŸ„ Bordel,1080702897337151558,10846
Bistecone,909832491953696778,10837
E M P I R E S â„¢,952977503029440593,10814
Poka$ Community #10k ğŸŒ´,581874539789680677,10807
BELA Vista,953858238296780830,10803
.âœ« comfy placeãƒ»*ã€‚,854543574648225812,10781
Distrito das Amizades #11k,961488048217030696,10774
Nerdstone || Servidores de minecraft,979786369297678346,10737
Vale Chernobyl ğŸ”ğŸŒˆ ğŸ˜ˆ,792196038949732382,10721
VDCDãƒ»VALORANT,850368657787715624,10692
Astolat,642499335858290701,10680
MarcÃ£oRX,562093368939905025,10572
R4R1DADE's,988463361542983750,10570
SKYLINE BRASILÂ®,996414449143529523,10538
Digital design - Aceppts,1000437676610179111,10525
ğ—ğœğšğ¥ğğ ğ…ğ¢ğ¯ğğŒ #ğŸğŸ“ğŠ,1030347912561037334,10481
Bar do Liveira,1074409184667385916,10478
Wolfstreet Roleplay #SEASON1ğŸ„,945898332604207104,10456
Baby Shark,828401170312986694,10405
Alta Classe,938396355930517514,10390
â†³ InfectionZ ğŸ”¥,771038676167557120,10381
IMAGIVERSO,813405831591886859,10362
Luarices,800760414455332924,10337
MANDRAKA,793513754489913374,10328
ğŸŒ¸ Sapekinha ğŸŒ¸,1049322826479439922,10313
Super Sus Brasil Oficial,980073134411644939,10263
Flutterando,509072164666867753,10253
ğŸ® ğŸŒŸ League of Legends Brasil ğŸŒŸ ğŸ®,421363688486731786,10199
ğŸ˜ˆ Putaria Gifs ç¾ã—ã•,854887732492763177,10190
Militar:Store - GTA:SA,795699736543887390,10149
ğŸ’˜ Zona do Amor ğŸ’˜,1020155691199111259,10146
CDO,776923417961824308,10137
Kafra Portal,147535432341520385,10124
ğŸ’•CabarÃ© das Gostosas ÊšÄ­É,859558365638295572,10113
[ğ‘ğ]ã€Jujutsu Full Power #11000ã€ğŸŒ™,787761831212220466,10096
twitch.tv/brokenGO,722209222854705183,10084
PIU MODS,901252783762731078,10076
â˜•ãƒ»Coffe Place,747304322248999013,10076
VitinhoJogaMine,527700629297299479,10076
GSH,656673012094861332,10073
Hiden Community,768927947624153098,10038
Bright,804226330400522241,10035
Frota,740670420998553622,10015
High5 Club,412169234492293130,9996
MEGA,936697558489780285,9968
Cold SysteM,848962192179200031,9951
Cast City,864050310677528587,9933
Ragna4th,769367468887769089,9932
Heat Store,1087849058913226775,9916
Lynx Wagner,318224983447044096,9895
MarqDev 3.0,715380966595493992,9887
Red Union Packs V2,1087823716974612482,9881
Crube da Yulla,713106636797116436,9863
METROPOLIS,711240986147291217,9862
Downtown Roleplay ğŸ©¸ - VEM AÃ,719396401695686686,9853
MEUPC.NET,251100148300513280,9815
Academia das Lendas,728479501956415518,9801
ğŸ‡§ğŸ‡· Blox Fruits Hub #8.5k,864127482847821835,9797
PUBG MOBILE BRASIL,427835148759859210,9738
Lendas Do Mar Brasil,350625901429391360,9738
ğŸ“£ EXP DivulgaÃ§Ãµes ~ Lite,616734092133793792,9701
Planeta Novo OFICIAL,707928546726903879,9676
UBGE,194925640888221698,9662
FAITH7 E-SPORTS ğŸ”° 10K,1025341096550744075,9651
Rede Force ğŸ‘»,721775302916702208,9606
Asyllum,989658747603398717,9601
SA:MP Mods City,633053478528221214,9584
Apartamento do Moraisâ„¢,653076109856079896,9550
ShutDowN | Comunidade,628784810764140555,9550
NÃƒO Ã‰ PORQUE ESTOU..,847644559138619392,9432
è€… Anti Clubâ€™à¿” ğŸ¥,961862168448491560,9422
GIFS,704035228452257854,9413
GRANDE METROPOLE,900523993499586570,9394
Among Us Portugal,753764082259198003,9383
Comunidade Valorant BR,708719358704222298,9382
Bule de RelachÃ¡ da Eeiris,847467344652664852,9371
Enifler,626945843416530944,9342
dokecord,338007115685822466,9313
amigos do gattin âœ¨,675759997929652225,9306
STAY CITY ğŸ¤,1013169454357696632,9276
KEILE MEG,758063370963517510,9260
Plurall 2Âº Serie,711903304631844895,9259
Savage Servidores (CS2 EM BREVE),343532544559546368,9249
Cidade Alpha,948689163425812562,9247
Bobbacraft | Servidor de Minecraft Survival e Anarquia,579783430569721876,9222
Projeto Charmoso FiveM Store,526560685262503946,9213
Iron Master,746451177108930572,9183
Anime's Days ManutenÃ§Ã£o,743286609277091981,9157
P7dro Comunidade,1042608424166367334,9152
AteliÃª da Replai,786664929926316034,9121
ã€”ğŸ‘ã€•â¦ Äynasty 28 â¦ã€”ğŸ‘ã€•,723320877269385257,9110
Falon's Nyan,829697818171015268,9087
Saint City: Season 3,843227471598977054,9086
Boss Smurfs,851209442602254446,9064
FÃ¡brica de Noobs,190158034301878272,9039
Rede Revo,793269891557490688,9037
LiBra / GG,182044459024908289,9024
uWaazy Empire,798438726475841586,8990
MonsterZ PvE/PvP PC - Chernarus #1 - Maestro Group,642908198868746240,8985
ClassRUN,705136814335197386,8964
Dead by Daylight Brasil,387358429167222794,8957
JAGA ğŸ’™,866675855340863508,8918
GIFCENTRAL,1099806110443122739,8904
KakaBolaMar - #KBM,415361867557371905,8877
RedeSGP ğŸ‘‘,455550237331947542,8846
2PLAY FTW ROLEPLAY,806543118975107082,8839
ğŸŒ´ Palm Roleplay,977715891968024630,8822
NeckoLau,526104986455769138,8798
BoyGG,380105784878563335,8735
Hentaistube.com,873955354688520282,8697
ğŸ‡§ğŸ‡· Heroes: Brasil,980665536750948442,8683
FiveM Brasil â€¢ Since 2018 #10k,579020662413459466,8669
Monster Hunter Brasil,406431387756003329,8660
First Academy,930640527118958612,8659
SL Benfica | Comunidade,746845168988061898,8651
ArkElite PVP,401066782225596416,8645
ShyFur Femboys ğŸ¦Š,1044244361262682212,8642
FARLANDS_TEMP: 2ğŸŒ,801941493563523122,8640
RPRP,592751561185296408,8631
ã€ğŸ‘‘ã€Roleplay Brasilã€SEASON 1ã€,933766721410572338,8631
Neem#100K,642579646814093332,8618
Mir 4 NFT Brasil,879431889331572808,8603
Mulheres em Dados,874446040386928650,8582
CollabCod3,462784660829896714,8517
â­Stardew Valley BrasilğŸƒ,389498644090322944,8517
Mundinho da imKary,774002962044813333,8497
MINECRAFT BRASIL,734171672277418124,8484
balta.io,734509390740324403,8475
Good Trades 2 #8k,1146109360511123507,8473
Taleon Online,328238359275241483,8432
Samp Edits,809452364779225118,8425
Corinthians,933854216269738014,8421
Shacoringa,447980328938635264,8405
PokeVÃ­cio - Pixelmon,712753132798738503,8393
EuSouAndroid,426695858344558593,8360
Lives PorkinBr,845387758586953749,8357
KingLandia ğğ…ğˆğ‚ğˆğ€ğ‹Â®,448600262148489217,8350
BATALHA RP,935307781811089459,8313
FKGAMES,721413295097249803,8300
rocketmta.com,940660578437955614,8291
CS:GO Brasil,436516889389301761,8288
Reino Sobrenaturais,776528752645111849,8284
WEBNAMORO ğŸ’œ,710215816867610654,8257
Brasil Packs #10k ğŸ”¥,891651427003400222,8253
Zanfas Cenegal,486886478526545920,8248
SAVAGE,837457713679171584,8241
MIGRAMOS OLHE O CHAT!,812023633677385748,8220
Anime United,216713090518089729,8217
! : Ë–ğŸ° Decor Ë– World âŸ#8K,912170179922899036,8169
Bat Caverna,957379345935110185,8159
Dogz1m,1017578478931025940,8131
R.I.P HARDCORE,548144067167387678,8109
Money Strike ğŸ’¸,856266070662053928,8093
Escolinha do Exilado,1047341407523835975,8092
Blitz Smurfs âš¡,844039072616022016,8084
TIPSPACE,987087377484894208,8077
Utopia,718473407116869683,8056
Carioca Gifs - #10k,983802545292071002,8050
armamc.com,602976995499966465,8045
The Ghost,916375675718488094,8033
WEBINFERNINHO,1004132225794715788,7997
Q28a,825436632278368316,7979
ARKDEX,795852164555341824,7944
Monkey - Fivem Dev 7K,793484634725548053,7937
Heaven's Paradise,1125234022432383037,7931
STOOMPAY,688097551446310934,7918
RENANZO,732359897898942564,7873
Bangerz Studios ğŸ¤˜ THE ERAS TOUR,1132538822211686501,7867
5PraMeioDia,727616982341517414,7836
RANKED ALEMÃƒ ğŸ…ğŸ»ğŸ„,1015422749738541146,7817
Nitro Rewards,980105283709853726,7816
[RP] ğŸŒ€ Naruto Full Power: Os Ataques de Bijuu! #10000,744274389570420776,7811
Berna Cripto ğŸ“º,831690479140995162,7809
[EB] ExÃ©rcito Brasileiro - Flithy012,710172120897814629,7775
AniColds | Animes & MangÃ¡ BR,767434953871851601,7758
Game On Portugal,818108848492773377,7737
XP +,898033224608018454,7732
SPK,993208949052559473,7728
Wesley Dc Oficial,683522142960353291,7726
First Fruit ğŸ | #recomeÃ§o,1000887238361616484,7715
MoonKase,795366511560228924,7703
Horda RPGista,476968337725980720,7701
World of Tanks PC | Brasil Oficial,369210960726196224,7697
âš¡ãƒ»LIGHT STORE,1046597660318105660,7697
BloxGang,967875995476574278,7672
Servidor do Pollux,929108010557661254,7667
Midas Club,248243169932607488,7662
Brasil New Start,381623944748466188,7657
Guilda dos Aventureiros,731011816553054291,7646
ğ™ğ™•,545684461388300308,7639
Comunidade ReaÃ§Ã£o,554689178336755742,7628
à­¨à­§,640241619811172353,7623
Multiverso RPGista,646757907920322560,7614
Desenho Mestre,763516161589116958,7598
Geladeira,611894977089503248,7590
mattayahu,317659637308719114,7575
VovoFPS,475822031880060958,7570
Literacia Financeira,669159454557732864,7569
JOJOLANDIA,1014852807104417812,7539
ğŸŒŠ â€¢ Genshin ImPaimon ! 7k! #BoostUs!,972611206286286852,7535
UMF - Mundo FictÃ­cio,358662239290392586,7518
âœ¦ ğŸª â Sirius â ğŸŒ âœ¦,698512575977095210,7511
Dysterra,708499148957024299,7499
Pudding's Utopia ğŸ®,524748755208241152,7488
ETERNA FGC,369857969875320832,7467
TDC - TROPA DOS CROCODILOS | MTA:SA & MÃšSICAS,690012946444845110,7464
Kyoto Station,712483090643025932,7456
PS2 Online HardLevel,538756064783499265,7440
DTM NA52 SERVER,444175945230712851,7440
MC - MasterCraft,305483561773826048,7420
Comunidade de Artistas,578693724561866763,7413
Nova Lisboa,806163408441311253,7380
DAYZ STALKER - 7K,949965638707859466,7379
Hellfire Club,108534025651515392,7377
The MTDN - Brasil #10k,498973889682997248,7365
ChorÃ£o RP,728344139585945641,7349
Lombrados,713412026608648272,7349
LaPromotion,954749166591025172,7345
Celinettos,540109584975527938,7328
Hyper Scripts - BLACK FRIDAY,702254190063386645,7324
Codify,743482187365613641,7286
ASTA COMMUNITY 2.0,923074688652029962,7254
HavaÃ­ Season 3,842314904111415337,7224
Intense Life SA-MP 8GS | GLOBAL,325710754395455488,7206
ğŸ”± Brasileiros Vivendo No Stylo,759938986185326622,7195
ğŸ”¥ â”‚ UnderWorld,661039080288550961,7194
ğŸŒ¶LINKS DO DOGğŸ˜ˆ,779138396593061928,7194
AniPT,226098389660598273,7181
Mestre do Networking,1072588367851687986,7176
AuthenticGames,692143246096203879,7175
Mamilos Club,293944864893042688,7157
XD FPS ğŸš€ #8k,1080278920710078524,7125
ğŸ’š NexT SysteM #10k,1094728245540302983,7121
EstaÃ§Ã£o Brawlhalla,546924923495383051,7111
RobloxBR,683669700890198020,7096
Midnight Oceanic,948356599561482270,7089
Quebrada Shop 2.0 | GTA V MODS,638129915195293707,7074
IZZI.gg,699966429281124352,7062
BACKUP - JUJUTSU KAISEN BRASIL!,1133246540044054601,7051
ClÃ£ do Erbito,727283393993113740,7044
FND â„,664551012429725696,7036
FacÃ§Ã£o NFX,104607380603424768,7027
ğŸ˜ˆJOGOS ADULTOSğŸ˜ˆ,929769380282261514,7002
Play time,903679271736856626,6998
Beco dos Degeneradosâ„¢,847217061959565372,6996
AspectMania ğŸ”¥,843966851683581983,6986
Bando do Heitir,471825717273821185,6967
Portuga Academy,902615124869779476,6951
Brasil Roleplay Oficial â›„,884989074799218718,6931
Dark Room,763848079476260954,6928
Rainbow Six BRASIL,811714596263297034,6907
Ao infinito e AlÃ©m!,660965501798711302,6888
Lost Ark Brasil,759003907858104350,6875
KTS COMMUNITY ğŸŒŠ,1011210441206288415,6852
Minecraft Brasil,777889235029852212,6852
SchoolArt,844027900545990657,6846
VNP - Vida No ParanÃ¡ #7k,907087390181576716,6839
Uzmi Games,827352412398420018,6801
Sabrinoca ğŸ’œ,683422640425271316,6787
Lord,639526380270256158,6756
ğŸ° âŠ± ğ•‹á´Ï™á´œÉªÉ´Êœá´€ ğ••ğ•’ ğ•Šğ•’ğ•ªà·†,903477256310108162,6752
INDROIDI,321451049359638529,6726
Game Dev Brasil (CSJ),691792837880184944,6709
TugaPlace,1131616130298040451,6693
TN Corporation,1049446019257090108,6686
GÃªnesis Community,756079072093798511,6678
GalleyRP - Minecraft Roleplay,960529029528715294,6669
Union Of Savages,1148192008087818380,6653
Quartinho da say ğŸ“,985773349781241926,6653
REDE STORY - Servidor de Minecraft,593144490307354624,6650
Infinity Community #7K,730446040997691493,6646
Geek Nation #GKN,943646229496229909,6636
ğŸ›¸ ZNE Club #7k,1036968851532955658,6607
Premiere,897914245704986634,6607
Server Alpha,967588226929926234,6593
facÃ§Ã£o engana gado (+14),895759165790756935,6583
MetrÃ³pole RoleplayÂ®,947291558615584798,6583
SussurroSquad#TIO90K,900449117212389417,6567
CBC ğŸ¥µ,768973929481240577,6567
DaviGamer Play,912362634299441223,6527
Nation Resources,703487972200284290,6524
KittyMaceta 'ğŸŒª,825215434978623509,6517
NovaDAX,978570033506684950,6511
F0RSAKEN REALM,753343344142188675,6511
OVERCORD,813479793634836492,6503
KING'S OF ROLEPLAY ( KGRP ATO 5 ),805277313234632705,6502
Plurall 3Âº Serie,818490188003016736,6497
MarÃ© Alta RP - Season 1,696932388462395473,6484
Hyperz Family! #6K,960831825478033478,6476
Brodis do Chratos,150815841280196610,6468
ğŸ€ Fiverï¼¸ | Scripts,870072436299825224,6458
PokÃ©mon UNITE Brasil (Oficial),818506621415850025,6457
ğŸ°ğš‚ğšğš¡ ğ™´ğš–ğš™ğš’ğš›ğšğŸ°,966012083416219728,6444
Ace Store #10K,640627456918814721,6409
SpectroPlayer,664584572624699392,6396
ğŸª Space Girls ğŸª,853870873471877120,6383
RefÃºgio da Fandublagem,550850490360135687,6379
#akuralovegang,1052673053944991854,6367
Ãguas MÃ¡gicas - Muskito,869564868058038332,6361
WoW Brasil,280053823517491211,6353
Geefe,758473452839108640,6352
Aoki TV,494013418961895436,6342
Grupo do Slawer,973740013617569812,6342
Infinity Classic,978740722964508692,6342
â¤¹ğŸ„âŒ¯ Animes Nightâ„¢ã€ƒ #7K,715911059302645802,6335
New Vibe,884881188999823420,6330
ğŸƒ Ah nÃ£o,604754723530342400,6324
Quartinho da SayğŸ“,1067262416536223835,6322
Autismâ„¢,366274666941251585,6306
Servidor do Temchi,938578543040929833,6303
FPS: Troca de Tiro,750064563763806279,6298
Blox Fruits Comunidade,823538485717631018,6297
News N' Roses,787170886376620032,6293
Lar do Webnamoro,754061234994675915,6291
NOBRE CITY ROLEPLAY | SEASON #6500,988969288708800603,6290
South NetworkÂ® #10k,831298156427083817,6287
Servidor do Barra ğŸ’,472173812394360862,6278
FamÃ­lia Rohsal ğŸ”¥,536864809879207937,6266
ğŸ‡ DBD MOBILE - FRATERNITY ğŸ‡,681973346576891933,6265
DBC-CHAMPIONS,378772468405633026,6258
Gamera & Pompano,553823031009607685,6232
GIFZADA: Emojis,776916278060908585,6231
PorÃ£o Do Rafoso - Solo Leveling Theme,390986022982516736,6215
MaxPalaro,205446581565128704,6211
Aqui vocÃª Ã© feliz!,1007770446072119296,6207
Cronic,816294788830855201,6199
Angra Â©,1060073344952705034,6184
Canal MangaQ ğŸ¦–,427849416112734208,6170
Jumentossauro,485738053663457280,6167
LMT - Cracks,1036336193589231748,6160
RENEGADOS,795298390622601246,6150
eFOOTBALL LEGENDS,1021040683630465074,6150
TEMPEST TEAM,853753572361240626,6148
ğŸŒ€ World Of Minecraft - Meidde ğŸŒ€,704167753069887508,6098
Odinzada,712855183604056165,6097
à¼’ ğŸ¥€Canto da AmizadeğŸŒ–à¼’,774258665099362324,6077
PANDINHAS,839529451008163881,6077
DIGITAL KINGS ğŸŒ NETWORKING,1060925534583935037,6068
DuCortaa #7K,931668438533959720,6063
Jonboss TV,698453268015218758,6054
Teafe,669725899502911553,6052
ğŸ‡§ğŸ‡·ğŸ§¡ Templo da Web'amizade,582587914785914880,6047
MineSky Network,672661692395814933,6040
Os Crias RPG,1000250615051583628,6040
Blox Empire #7K,993247549647499285,6040
In your area,955574896623251546,6030
Club of Colors | LGBTQIA+,757444431262515271,6010
Arcanth Network,616091934313676803,6005
Cidade Brook RP,881668088863547432,6004
M U S E U M,382203192248893440,6001
ğŸ˜ˆWebs CityğŸ”,1001961929188843552,5992
CANTINHO DA GALERA V4,970310585398988831,5988
Familia Cookie ğŸª,887054639432876114,5984
Servidor Do Bruno Best,846479916496322630,5983
Mini Fazenda,826168701987455016,5982
The Tavern's Blox Fruits,937273675110043648,5966
Sistema das Lollys (Fechado),788312773674532904,5964
DR.GAMER,620225328761143296,5960
Casa do Win,1011642354727395368,5926
The Playboy's,749034611845234810,5915
Grupo Whisky Brasil,954745675520831549,5908
ğŸƒ [EB] ExÃ©rcito Brasileiro,895548953427341312,5904
azulodeverso,1060675462239633498,5891
omonymouz | Valorant Portugal,1027300263318519900,5889
DopeNUIs #7k,731698717131931658,5875
LSPDFR BRASIL ğŸ„ğŸ…ğŸ¼,1120796262216777819,5870
GANG DO PVP,859854157136658462,5853
Poketop!,744348727971676161,5834
Life Style ğŸ…,622543002358906920,5832
FLEMYS,869814804712398879,5831
Hasen,1016733396539551874,5808
[BSR 4] Central Das Fugas #6k,936069152181997579,5806
Yoshi Gamer,489461915089895434,5803
Time Princess PT,918681150900305950,5800
BRawzillianCommunity,729822356746535023,5800
Menes Suecos,409614692466819073,5778
WEB3DEV,898706705779687435,5771
Hawk City Â© MTA Ê™á´‡á´›á´€,670165732163715073,5755
SeleÃ§Ã£o Portuguesa | SG ğŸ‡µğŸ‡¹,849966085637144618,5728
Demuxa,319964606191632385,5716
//ğŸ’œW0' Studio ğŸ’œ \\,811677724250079342,5711
aimfovTREM,874150562516598785,5710
CR Flamengo,956003357129076746,5698
Fechado ( entra na outro discord),988510196982747157,5691
Dormir NÃ£o DÃ¡ XP,778666452819378186,5661
KazuyaGamesOficialğŸ‘‘,1046552829722116167,5652
Servidor do Nando â€¢ ğŸ,901823146364117044,5648
å‹Night Empireãƒ»ğŸŒ™,478584861532225546,5647
Arena Community Â®,818040569967935489,5611
Comunidade Oficial ğŸ¥,887717057758625855,5603
ESTU,854915204902420540,5603
Servidor Oficial do House of Games,378676987134345226,5591
ğŸ§­Grupo do Lons,304993194293067777,5573
Galera FOQD,340299065495388160,5570
ï¼­ï½‰ï½„ï½ï½‰ï½‡ï½ˆï½” ãƒ•ãƒ­ãƒ¼ãƒ†ã‚£ãƒ³ã‚°,462106987673419776,5570
Orange Juice,847518545156112424,5567
Back Street,903872901797793852,5566
LEV Aspas ğŸŒª,931720552211705896,5561
ThomeFN,711919786065395745,5560
ã€â¤ã€‘FamÃ­lia Do Toddyn,933726103305089065,5557
Design Ideal | 6K,665927990676422684,5549
Monesy,959048432172015696,5543
COMUNIDADE BRASIL #CMBr ğŸ‡§ğŸ‡·,1053510196602871810,5542
Leozim Gamers Community,929420350461190144,5532
BRUNX,725467257655787560,5518
Locking,776128738256879646,5518
Nuuvem,363051689659465728,5517
VeTs,623204625251827724,5513
The Project,439263663837151242,5503
B2K Development,558655512741412864,5499
SUB,831662059326275597,5496
PKT GAMERS ğŸ‡§ğŸ‡·,1024803670061236274,5489
âœ” SERVIDOR DA MAG,926923109662093313,5475
Ate breve ğŸš€ - Nix,1009224289368674315,5474
ğŸ’š Mix Community,1033882778275692574,5468
ğŸ‘‘ Marquinix Store! ğŸ’°#10K,1032798690441707600,5459
Em ConstruÃ§Ã£o,853653125391056896,5456
Communyt HotğŸ”¥,1106015278250328146,5430
SUPREME,900499545287450675,5427
MunDo MÃ­stico,1059407066613174282,5416
Geek Hub,727658536363884674,5403
Leonardo Furtado | Tech Talk | Redes & Telecom,816449889373651005,5396
Xnation,845626304064782337,5392
Dayz Apocalypse,963345674424946738,5390
Distrito Skyvitor,853327010519449600,5387
r/Brasil ğŸŒˆ,409519700750630922,5387
KID - TheKID,415607849763209216,5370
TROPA DA QUINZE,965355931351257129,5366
BeloTrade - INVESTIMENTOS,608077100238241793,5364
White Stock #5K,1023661918042456086,5357
DormitÃ³rio da Erza ğŸ’œ,790756220397944884,5350
Morro da RAPKHAOS,845756800384237618,5346
Kotcka Tweaker Â· Desbloqueie o verdadeiro potencial do seu PC,918544934603194379,5337
ğŸ”¯Club SuccubusğŸ”¯â„¢,910532180894154782,5323
Impulso Team,713050127270674442,5306
iLeo0x Server,441786491270594561,5283
ã€ŒğŸ„ã€Igu's Hall #10k,796079821443825684,5268
Takeover Garage Drifting Brasil,1008477374058348667,5257
Clube dos OtÃ¡rios ğŸ®,818824591434055681,5253
Nan,560595494573703169,5250
Padaria ğŸ,748917809995841666,5248
Phasmophobia Brasil,760825036616892458,5241
Viking of South,405137789949181954,5234
SimplexÂ®,713463841534771251,5226
Familia Jounin ğŸ’™,828399746951151636,5213
Comunidade Warframe Brasil,148763228699230209,5202
Xbox Brasil,542850472046755847,5192
GamePlaysCassi â˜…,598567071298617354,5191
servidor morto (picasso),844504437992062997,5177
ğŸ‘‘ Judsonzinho âœ”,648676361468379177,5173
ğŸš€ Drops MTA #10K,895777905337061417,5166
Golden Bros Brasil,914175876587986994,5165
thomezord,367413555265404928,5162
TROPA DO DIH ğŸ„,614127768468324412,5161
PlaggXz | 500k,894776626255114330,5151
Tinder HotğŸ”¥,838204838482673694,5149
Tealz,1030220740982734898,5143
DISCORD A VENDA,766494607658844190,5142
AtlÃ¢ntico,1000552731003596892,5139
TheCatela,738056765530308618,5128
Don't Starve Brasil,250756170296328202,5120
Panelinha do Webnamoro,453952982174924801,5109
Blox Space â”ƒ#5k,1083866155917258923,5106
The Kong Studio OT,853766114219261962,5104
Webnamoro ğŸ¤,1107150248838705245,5093
Paradigma Education,816296791162748959,5092
Naruto Mobile Brasil - Oficial,953368366385606687,5083
ATC,257074996873134080,5072
Poke Fantasy Online,408040941786497026,5072
Liberty TGP - Playland,930625070995501156,5060
Z DUBS,407593596414590976,5055
Ã‰ o Fim,973700881868546098,5052
Naruto Online BR - Oficial,941012595006124063,5052
stex,762799662393589772,5040
BrasilCraft,405788483920199681,5038
Ordem Paranormal Wiki,770811180323307522,5037
Mini City [RP],713473586882412676,5021
å‹'Friends da Baixinhaãƒ»ğŸ‘‘,702695994927611925,5012
Work Store! ğŸ”¨,918333653896011816,4991
RLBR,561208699629338648,4982
cantinho da AmorinhağŸ”¥,1052028285313368115,4982
Reino do CÃ©u | Animes & mangÃ¡s,1058525884279177267,4979
ğŸŒ¹ãƒ»Bronzer Family #5K,935269199662694461,4965
CafÃ© do Polvo | UNHIDE School,628315095075782659,4960
ARUAN,444521769085304832,4957
Discord do Dan,746631668109934603,4953
LAR DAS GAROTINHAS,1064933874615988335,4948
Sky Masters #5k,764206630337511475,4947
ğ“‚ƒ ğŸŒ™ KNY: New Generationâ„¢,868986167750717460,4932
ğŸš˜ Fugas Insanas - MTA,912346453530247199,4931
ã‚» Anime's Dark [Em reforma],830215805216096285,4924
EA Brasil Apex Legends Mobile,948822067963363369,4912
Comunidade da Kosame,834191314328485889,4907
Rede Fantasy,698700679832928337,4889
TripulaÃ§Ã£o do Reginaldoo,1057235351556587610,4889
wasdefy,343529431845044224,4886
Canalhas,1079126331876450355,4884
SAFADASSO,803649748581744650,4868
ğ™‚ğ™–ğ™¢ğ™šğ™§ğ™¨ ğ™¤ğ™› ğ™€ğ™£ğ™©ğ™ğ™©ğ™®,434497014827319307,4864
InsightZ,576869818980892683,4863
Animeâ€™s Space,977537725278330882,4863
THEWALKINGZ,902188883972874310,4860
KakÃ¡Sampx Community,918838209323073566,4855
BrunÃ³Ã³u's Family | GG,695269955435888671,4855
Zero Two Community's #5K,1095432639189622797,4854
ğŸ˜ˆ Hell Club ğŸ”¥,1130580096428802301,4849
IST Hub,759576132227694642,4848
Overwatch 2 Brasil,748982412201033821,4848
Drope Scan,487352833834876931,4846
Facinho Smurfs,705905408119930980,4845
zJu4nnãƒ„,905558622401069117,4830
NoRulesPvP,942585052724875325,4828
EstudaFQ - Comunidade de FÃ­sica e QuÃ­mica Prof Marco Pereira,654400102550732804,4823
ğŸ€ Bueiro do Rano =,714812624709091398,4820
Call of Duty: Mobile Brasil,630223510253600778,4813
ğŸ‡§ğŸ‡· Loding Hosting / Community Â©,709523734872195123,4803
W3 Research,687026889646407752,4800
Servidor do Teequis,413008835125444619,4794
zeroMancada,673978453694873660,4788
ğŸŒ‡ BloxCity #5000,850470040636751902,4770
Five M Free Skin #8k,828126845492658217,4767
Comunidade Flow Games,1016488236459241482,4759
SEX HOT ğŸ”¥,1116409081675128903,4759
JRM E-SPORTS,776440303895707699,4756
DXS SHOP ğŸ’™âœ¨,1067862703877673084,4756
Donghua no Sekai,606129938784845835,4750
Future empire,1070695909261840395,4742
LOUD NAYU,727213436571877466,4738
Alcateia â„¢,665253920209240065,4730
ğŸ„LIMBOğŸ…,752957883611742320,4725
Jun1Nj,562751043708911618,4723
NexT Mods Ï #5K,997940459127185489,4722
Infinity Studio,821435814562627585,4721
caveira community #5k,902673962583072828,4712
SouJunior Labs,759176734460346423,4706
FamiliaDaComida,249578285543981057,4703
ğŸ‘‘WYDBR.COM,387602427353759745,4695
Standoff 2 Brasil,725183714417573939,4692
â˜• Cafeteria Geek â˜•,851107851682447360,4687
Chipart / PapaHardware,655190434624045062,4680
ğŸ‘‘A Grande SÃ£o Paulo,480122179808133137,4679
â› Rede CraftLife â›,94235856516153344,4675
Daddy Issuesâ„¢â˜•,876974813606998026,4669
FS Community #5k,822971853198589972,4666
ssribeiro,1058124288210780170,4665
PSoul,837924900215324703,4664
HyaBuxx #5KğŸ‰,1075870136805888156,4657
Mugiwara's Comunitty,1050604411270987836,4650
BOITATECH,304088484228890644,4644
ExÃ©rcito Brasileiro ğŸ–,787758877374545931,4636
ğ•®ğ–†ğ–“ğ–™ğ–ğ–“ğ–ğ–” ğ–‹ğ–Šğ–‘ğ–ğ–Ÿ ğ•®ğ–”ğ–“ğ–‹ğ–ğ–†ğŸ˜³ğŸ‘‰ğŸ‘ˆ,886080678846947410,4635
Skyline Store 5k,665376004117757953,4632
ğ™‰ğ™Šğ™ğ™ğ™ƒ ğ™˜ğ™¤ğ™¢ğ™¢ğ™ªğ™£ğ™ğ™©ğ™® #5K,788480439845126214,4632
Celesty ğŸ…ğŸ»,1088529474070511697,4629
DONA,776945439442206761,4628
Discord Misterioso,815027847789936711,4612
Insta: @beccadasilva_,904961002095906876,4608
Sky Community Â®,1054952514820251708,4607
Eterium Network,900879565814104074,4605
JIScord,754779971108470996,4604
Magnus,875012812299173888,4599
amigos,1101386670240174102,4597
Novel Brasil,726290600332230686,4589
The Bitcoin Discord,791295335279493152,4585
Thomas Community,505372649959063552,4583
TOCA DOS MONSTROSğŸ’€,1022385155169591317,4578
Î›STRÊ˜FERA,764292371562496020,4576
D4rkFrame,934995345379844138,4568
ELITE BR (ED),156936579284205568,4561
NewWay - Perfect World,1056032666077630464,4554
ğ–¦ğ–®ğ–£'ğ—Œ âš¡,879741128071598120,4553
Fall Guys Brasil,834047549405003777,4544
twitch.tv/obaiano,520961262885142528,4539
JUVENTUDE FUTEBOLISTA br Â®,1070359117362901032,4537
DF Scrims | SA,887191020566085673,4534
ğŸ¥š Blox Boosts ğŸ¥š,859921942177251378,4525
ğŸŠBergamotanosğŸŠ,451847193826164758,4505
Renatinha,774392261857116171,4503
DivulgaÃ§Ã£o & Elite ~ ğŸ“£,993868478731800737,4500
Game Company [âœ],514586129878482948,4500
Aqua Reversed,815380395334828032,4500
âœ¨DiscÃ³rdia Totalâœ¨,733109098253385750,4494
Cantinho dos Artistas,842796655875325982,4474
[REWORK]ã€ŒğŸŒŸã€Star Pieceâ„¢ã€ŒğŸŒŸã€,848976407659806730,4457
Lost,733217498903740490,4441
Aleatoriedade,847295547651391519,4441
DevPT ğŸ‡µğŸ‡¹,730385704592343083,4417
ğŸ„Comunidade do Zullux ğŸ„,835879577595150406,4416
ğŸ­Universo Gifs ğŸ–¤,849291802997555231,4413
Malibu RP,425554758468763650,4396
StarsFamilyâ„¢ ğŸ©¸,1006703572601294888,4393
âJust deliciousâ,848039381662957609,4384
LIMITLESS COMMUNITY | 4K ğŸ‡§ğŸ‡·,1047661004714160138,4383
ğŸŒŒ Ã‰denâœ¨,779767816965980222,4375
é›¶ Depressivos por MulherğŸ­,816685319910719508,4370
SpartanGamer Oficial,509746444333481985,4357
Mad World,887762509434609664,4275
ğŸ“£ Divulgue Aqui | SLN,688409928473378931,4267
CabarÃ© das Lollys Lite,994659860442533949,4250
Haufen,605358072801656852,4221
BğŸ…°N1D0s,941508293610840084,4217
Comunidade de MTA/SAMP,947933056503795793,4212
ThatSkyGameBrasil,603720312911167622,4206
Botcord,795750949401919518,4204
Tropa do FLOYD #5K,840447904019775498,4189
Brenin RJ7,928328007867830303,4160
Duzzk,834262865791811624,4160
Leveling Love #5K ãƒ,1030609944736714863,4155
Ordo Aureus,903709811680632832,4147
Fleep Pyro Brasil ğŸ‡§ğŸ‡· #5K. - Jogos,1013818119078285333,4142
Tsundoku,697958499589554217,4137
COD Warzone II Brasil,1046628963704905728,4136
âœ“ Free Games NFT Comunidade Â®,901660641796952085,4136
C.R.I.S. - Ordem Paranormal ğŸŒ¸,1024034430169395292,4130
Mynimes,790823719282671627,4129
Cidade Real | Roleplay,818852937031614484,4118
Battlefield Brasil,405506950562840577,4108
MM2 Farming Brasil,1080828700506996776,4106
Evolusty Partner #2,661765576217198602,4103
- Í€Ì—ã€ğŸŒŸâ”‡Î sÊœÉªÉ´á´Ê™Éª sá´›Ê€Éªá´‹á´‡Ê€ [Ê€á´˜] | ğŸŒŸ #4k Î,695366422775332905,4098
Juju,853235354467696690,4087
ğŸªï¹’Kingdom Dark,966332407085154335,4087
DuMonster Communityâ„¢ #5K,908127644376252457,4080
Ordem Calamidade,1001492008621318284,4064
Migramos,997248281535066243,4062
CafÃ© LiterÃ¡rio â˜•,720399655036518401,3992
! Hydra bot!,747420727908630658,3980
Canal Tchukine,788622115099377704,3979
ğ—ºğ—®ğ—¿ğ—¶ğ—²ğ—¹ğ—¹ğ—®â€™ğ˜€ ğ—´ğ—®ğ—¿ğ—±ğ—²ğ—»ğŸŒ· åº­åœ’..â™¡,712381067096621107,3975
Hostza,1059218949184688158,3970
Unis da Estela (â—'â—¡'â—),741763372634210355,3958
FamÃ­lia dos Cenouros,540197936034742277,3947
GTA V Online,863633458579898379,3939
ğŸ‘¿ Only ğŸ‘¿,718640091408498808,3932
Webnamoro & Trakinagens #4k,845488507542962177,3914
ğŸŒ· â—ŸSweet Shop ! â¸â¸,768833272049303594,3911
Hentaizero,464642820494458901,3908
Mercury - Hentai,853399538851905547,3887
LeNdZâ„¢ ğŸŒ,764888495885516830,3881
Trixie's,895478604429922304,3880
nugranisasqwweq,829386623858900993,3875
For You â‚ŠËš,856873114926972929,3866
Rangers Of Legends [BR],389953863446429719,3862
ğŸ¥€ SAD NIGHTS â˜ª,721872107797086208,3858
Royal_RPG,1012911318312964127,3857
Cyb&r$t0rm,1105889680295198731,3856
TG Community,884063022103019570,3854
FamÃ­lia Sky,858090735894265866,3843
Cucco Productions Server,671693369067569159,3841
ImpÃ©rio Panda Nerd,671448984958795777,3839
ğŸ˜ˆğŸ”SXPornğŸ”ğŸ˜ˆ 3K,914174589884583936,3835
ANARQUIA.XYZ,669200008888844308,3828
Real Trash #4k,1060298973274963999,3825
Dream Community,629698263070801921,3824
Midnight Dreams!,876957594797891614,3815
Midnight,695694148984111164,3806
Sapecos,943542906785005638,3805
Oyasumi ä¼‘,422115563167547404,3768
Filosofia uhum uhum,868198343883505704,3764
Furry Discord PortuguÃªs,231193277842325504,3753
Goma do GL,731314525462069408,3748
ğŸŒ» Sunflower Palace ğŸŒ»,851092248808652822,3729
Mcpe Games,723694368036356160,3724
H o w l i n g A b y s s,410485105367318538,3718
TAMI ãƒ¡ãƒ–,724373830671532164,3716
à§â›©ê’±ï¸°Kimetsu Revolution à©­,878384053143887922,3710
IMPÃ‰RIO ğŸ‘‘ NEBULOSA,755255029715435630,3708
M'amados do Vovis â™¥,316040253343531008,3690
PELÃ‰ NEYMAR,930342761499066388,3668
212 ğŸ‘‘,810942902774792252,3667
MIGRAMOS ğŸ’ Weebs In Heaven,418905476281925633,3662
BRASIL +,798831629933346865,3662
Favela de Otakus,881628723378524160,3658
BNG - Br Nem Ã© Gente,549749254957039617,3649
BISNAGUITO,1072378040237174854,3644
Pokemon City #3k,857698127326347266,3639
[ERP] Dystopia,850569904755048488,3626
Sophia Elementaris Hub ğŸš€,712371103686983711,3624
ğŸ˜ˆ PRIVACITY ç†±ã„,664154878620336139,3620
ULivre,866378348368625704,3605
X-MediağŸ”¥,1023388024979062890,3600
BVR Pixelmon,822700911600205835,3591
OLIMPO + 18,755259443196854285,3588
Wp,260119800947277824,3577
Wild Rift Brasil,772248096767475712,3570
Fall Guys BRASIL,743867536604397649,3564
FamÃ­lia das Frutas #3k ğŸ”¥ğŸ”¥,1015647952359923752,3563
Comunidade de EA FC 24,785616187753103370,3545
ğ’¶deptusï¹’xmas,922298842509115413,3542
Genshin Palaceâ„¢,1043732084532969502,3525
Barcelona Roleplay,1005277207435956254,3514
PorÃ£o Night ClubğŸ° - Discord,845040142384758794,3505
Web Churras e Amigos ğŸ„ğŸ„ #4K,863550522967195669,3504
æ„› Anime's Heavenly #3.5K,966109396260241458,3501
Cyber Hotel ğ“†©â˜¾ğ“†ª #5K,1038906741724823652,3499
ğŸš€A Terceira Rocha,741792082087116960,3496
Humble Pixelmon,828452183662002196,3487
MansÃ£o dos Mil Dados,670407327136088064,3466
Comunidade Conecta,862474064684515379,3448
Jovenz,785850220479119381,3447
Vulcan 3.3K,410158562929803275,3429
Divulgue Agora!,759182169830195293,3423
DayZ Nemesis Online,616765729613807622,3418
å®¶ Nekrin House ğŸ¡,325391902679498752,3417
ImpÃ©rio da Evelynn,975808754023022632,3404
aNovaEra ğŸ•ŠğŸ©¸.,857660806464012298,3403
ğŸ¡MochiğŸ¡,922369070836383754,3402
Oh muiÃ© que ta lendo entra no sv (precisamos de mais muiÃ© nos ajude SOCORRO HELP),762475236095819796,3393
ğŸ“£ ~ Fast ~ Divulgue Tudo #4K,674638476594905121,3381
ğ—¦ğ—µğ—¶ğ˜ğ—½ğ—¼ğ˜€ğ˜ğ—²ğ—¿ğ˜€ ğ—±ğ—² ğ—£ğ—¹ğ—®ğ—»ğ˜Ã£ğ—¼ #ğŸ¯ğ—¸,934897566791925831,3370
ğŸ§™ğŸ¼ MFA ğŸ§™ğŸ¼,345228948915093506,3367
Kakarotto FF #1M,811703494004047932,3366
migramos,732293698406318233,3345
ğŸ® Jogos e Algo+,886395969015517244,3341
AlfaMU,637350833373315073,3334
ğŸ“¢ ADS DivulgaÃ§Ãµes,902223204523843614,3334
MangaHost - Leitor de MangÃ¡s,335349406964383745,3326
ImpÃ©rio do BH,940378660563742861,3315
Artists and Singers,681958246243893366,3309
ã€–RPGã€—Demon Slayer Night Vision #3.5K,873215664553361478,3308
Trades de Rocket League PT & BR,1057436648549392455,3301
ê’°ğŸ‘»Multiverse RP - Era ClÃ¡ssicaâ‚ŠËšà¹‘,881347131988934706,3300
PV ON (ENTRA AII SKSKSKS),1039877802402529280,3292
ON FIRE,670467473925210133,3288
Mamoball â€¢ LBM,1060634276376358993,3286
Doom Project,1021611772169420820,3273
Eternal Destiny æ°¸æ’ #3.5k,1054818599296041080,3267
GAMERS BRAWL,887137495433768970,3262
Servidor do Igor Comics,844698004195508274,3260
Daynot 404,326111847327465483,3252
Gravity Scans,348906060905447424,3246
ğŸ’¸ğŸ‘‘ | Star Rewards #4K,912007946769137665,3246
ğŸ‰ Luhsetraoficial,785617549018660895,3237
Femboys Traps e Trans Brasil,692275832835538966,3234
Toca do Gato ğŸ±,809216673802354688,3226
WebStore #35K,920148299913265213,3217
Cafeteria Expresso,466439635099320350,3216
- Í€Ì—ã€ğŸŒŸâ”‡Î Shinobi Strikers (Naruto/Boruto RPG) | ğŸŒŸ,928152019242471486,3214
ä¹ˆ' á´›Êœá´‡ãƒ»á´‡á´á´˜ÉªÊ€á´‡,708023754315268247,3211
Planeta Furry,481659634701303838,3191
NO CAP,859442271908266034,3172
Caramelo Club,905607978323935232,3169
Gojo Studioã€¢Feliz Natal,1057459974936199208,3168
PORÃƒO DOS PACKS ğŸ”¥,1077702983212605530,3161
ğŸ€ å¸Œ Liga da ConexÃ£o â¤,1044760954375770243,3159
Ecchi Aru,387777240601198593,3155
CantinhoğŸ‘»,712768753288609904,3137
TTS Brasil,102854754450804736,3135
ğ–‡ğ–ğ–‘ğ–†ğ–‰ğ–†,899500078300012544,3133
Em Reforma...,896888719443906580,3129
NSFW Show ğŸ”,1038578399943331930,3127
ley,925870840636145744,3115
ğŸ’€ãƒ»Brook's City #3K,1083480923879780412,3110
O Maid Cafe,559775262758141953,3103
Bar Do ZÃ©,808877381754028062,3098
Incandescent Society,537720226515779587,3090
Boteco Das Puta,1151207811980730460,3089
PokÃ©Server Brasil,758827309485785118,3082
Universo da Mika,424245949502849034,3071
INFINITYğŸ„,904794791605325825,3054
PorÃ£o do Panda,900384820004274206,3044
Stumble Guys Brasil,942864108125036544,3032
Clube da Escrita,906328143852359724,3031
HOSPICIO #3500,1020407760346685470,3030
ã€Œ doomsdayy ã€,977273330283450478,3024
Family oFredizin,687835311966912549,3017
Ã€ VENDA,752279850588570160,3016
ğŸŒ™ DiscÃ³rdia - Animes & Games,751511945227665418,3007
OTAKUS E DESCOLADOS 4K,876624133276987402,3004
shittposti,862385790213160960,3002
Spk Store #3k,1080323197414686770,3002
âœ¨ Servidor do GW ğŸ¯,867221871091122246,2996
Cenolts,829763675111948339,2994
Rdg gifs,1061789465686843512,2992
ImpÃ©rio Fujin,701252862713397349,2986
Poeira CÃ³smica ğŸš€,463385509717082113,2985
ğŸŒº | Erotic League,872581642089275433,2980
Moon Robux Community #4k,1050164505683959848,2970
Dados CrÃ­ticos,728447419632844811,2959
ğŸ±- | â€¢ POKEDIVERSiON - PARK â€¢ |,676131465980936197,2959
ğŸ¨Sisters' ApartmentÂ©,706934766410399756,2955
Horizon Season 3 ğŸ”¹,762760080285761566,2948
ğŸ”¥OrangeKnight08ğŸŠ,799074690479816716,2947
Femboy's Lovers,978064955792326668,2946
BLOX MARKET,1153074787829162027,2943
The Anime's House (Em manutenÃ§Ã£o),998413816687759361,2940
BETWEEN Z | Brasil,614164208216440872,2939
ILHA DO PRAZER Â âµâ°áµ,1167074404740632676,2934
Tempest Pirates #3K,901290970941902889,2910
Lust,983318822087962665,2907
TFT BR,976315913328529419,2906
VEJAM O AVISOS DO SERVER,811129896935620649,2904
ğŸ‰ Complexo Da Web #4K ğŸ‰,919085928448925736,2896
ğŸªâ€Š SPACE STORE,1067991095444779020,2892
dznine lindo,811979420004122644,2880
ğ‘ğğğ ğ¬ğ¢ğ ğ¦ğš,1092216052844343367,2863
FamÃ­lia BloodLineâ„¢,879721563098845216,2859
O Mundo dos SÃ¡bios,1095763908670791741,2855
Aninha Nudes ğŸ”¥,863491212270108733,2853
Animes & Cats,1051309337181696070,2850
Kituo ğŸŒºâ™¡,1065432748166234134,2842
ğŸ…¼ğŸ…¶ğŸ†‰ğŸ…²ğŸ†ğŸ…°ğŸ…µğŸ†ƒ,351893748680097803,2840
Geass Gaming,796023663065432076,2840
Cubic Sun [Oficial],688195861318074406,2836
Cafeteria do Love,813341617531519046,2834
DivulgadoresÂ®,731931731329941546,2834
Cafeteria da Bia â˜•,744280020293386281,2832
PatolÃ¢ndia,770981689953484822,2820
ğŸ® FacÃ§Ã£o dos Gamers ğŸ®,818176826303184897,2802
Cafofinho Dos Otakus,718516674206367874,2802
ANS - ANGELS #3k,1113658703921557646,2795
Project Zomboid Brasil,917822174641938444,2792
TTK,807058424109203487,2792
Universo 404,451474558789222430,2787
â‚ª Robux GrÃ¡tis #10K,881893423521595412,2783
ğ’ªğ“‡ğ“'ğ“ˆ ğ’ğ‘œğ’»ğ’»ğ‘’ğ‘’ ğŸ¦Œ,1093674407119036528,2780
Reverse Store,742920940043763723,2779
RPG - Armada de Vectora,222019806239522817,2775
LOAD COMICS,735287793000906854,2775
â›© Cantinho dos Idiotas â›©,900523683687329792,2771
World Pinku.ğŸŒ¸áŸ¹Ë–,886209206464708659,2760
Luar,787871301846695976,2758
Minecraft Brasil - Server,1060416382421958706,2757
BLOX TRADDING#3k,1088283895864246314,2749
Marketing Brasil,1038957286762229850,2740
Club Geek | jogos e animes,765785531791179787,2734
ğ™°ğšğ™°ğšğ™° ğ™¶ğ™¸ğ™¶ğ™°ğ™½ğšƒğ™´ ğ™¶ğ™°ğ™½ğ™¶â„¢,994244648807710842,2732
UniÃ£o dos Memes,853706460872310794,2728
HYPE #3kğŸ‘‘,1033947789572440144,2716
Blox Demon #3K,1071641866195439616,2707
Societyx ğŸ„,959243589085462578,2702
Ë– êœœNovo Mundo â€¢ è°· .,1107336690630144170,2701
CDP,1053537217387167834,2701
CINE PRIVÃŠ ğŸ”¥,1112460429105565736,2699
ä¹ â€¢ Last Night ğŸŒ™ | Webamizade e interaÃ§Ã£o 2x Sonhos,1049013836092542987,2698
Anime's Geek | Animes & Jogos,1110274414907506738,2690
RefÃºgio do Link,654871306143268874,2689
ğŸ† Â©EMERALD ROLEPLAY {PC/ANDROID} #4000,841783273969418250,2688
SA:MP Mods,903347421449424919,2682
â˜€Summer Zone,915024361843478538,2681
Ultra Anime's - Migramos,898391245611749427,2680
Iniciativa HentÃ£o,1017549925011181672,2679
NullDev,996569305665786036,2679
The Plazza Brasil,717696118640607265,2679
Gamer Zone,721755873512521819,2677
Sweet House,758551387645935646,2672
Sociedade Arcana,795720829789929543,2669
ğŸ”¥ ğ”ğğˆğ€ğ ğ‹ğˆğ•ğ„ğ’ ğŸ”¥,564913147870314508,2661
Gaming Accounts,1063440608192118836,2660
ã‚ Anime's Celestial #3k,988444045221191690,2654
â€¢ NOSSO MUNDO ğŸŒ,934249647332032624,2652
ğŸ’¯100 Canais Para Divulgar #3K,701845577843081298,2648
Team Kages,574286595843293194,2644
TEEN WOLF ğŸš€ 4V4 #10K,906982491632595026,2642
A PotÃªncia ğŸ‘º,701913004546981960,2622
Futuro Studio Â® #1ANO,1029838798927966238,2620
ğ™¿ğšğ™¾ğ™¹ğ™´ğ™²ğšƒ ğš‡ ğšƒğ™´ğ™°ğ™¼,790712394271424523,2620
[ä¹ƒå°º] ã²å°ºä¸‚ä¸‚â„¢,635672515238166541,2620
Palmeiras,794150101504491530,2619
EM MANUTENÃ‡ÃƒO | Ãguia Roleplay,798896808733966336,2610
Jardim,806574806447292448,2605
ğŸ‡§ğŸ‡· | Pilares das Chamas,917490456206639135,2604
PJL SHOP #3K,853867342949515315,2589
High School ğŸ“š,795202947709140992,2579
é¬¼ Cabana dos ONI,1107554415298236512,2574
Ãgora RevolucionÃ¡ria,708684845630357544,2574
PDA #3KÊ°áµ’áµ—,1131163131058601987,2565
mobrekiâ€s,844087473558650940,2563
Schemaposse,1085407352188043304,2559
Emphasis,1012897952907415745,2553
SHIT HUB,940687628494315520,2553
UNIÃƒO 10,837362410553475114,2551
Sylence FC - Luto ğŸ‘‘,743308232671494165,2544
B A D ãªã‚‰ã¬,326771772689088523,2543
Maximus Roleplay,967660874397519953,2536
SÃ£o Paulo,886786785512919122,2529
Czz,933479660354957363,2528
VetzDevs ğŸ„,958380451184148500,2526
âš¡TNS COMMUNITYâš¡,1038267762163859526,2521
DZ 3,823995558342688778,2521
StrikeForce à¼„,1028907662139740242,2520
MineWorld â›,1036271498412965928,2519
FamÃ­lia JT,1047513919150903376,2516
ğŸŒ€ Iris Scanlator,562040230035849226,2515
Portal mkg,906997132710527036,2504
ğŸƒ CDPãƒ»HOTãƒ»+18,1023921059193438230,2500
NTP,896813130896777216,2499
Riot Accounts-Valorant,904500220983930891,2490
Sweetheart! æ˜¯,1051117194584522812,2485
BZA - Brazil Alliance,616047866028490753,2485
â¤ğŸ’™ á‘­ett e á—°imi | áµ’á¶ á¶œâ€¢,523109593186828298,2483
JaponÃªs Brasil,676162532397940737,2480
ğ™¼ğ™°ğšğ™¸ğ™°ğ™½ğ™°ãƒ»ğ™½ğš„ğ™³ğ™´ğš‚,696571202482995251,2479
Chess Club BR/PT,768096108165332992,2476
PackHub ğŸ˜ˆ I PACKS DO DISCORD,1009838217715011656,2467
MASTER DECK,695051332402282518,2466
ğŸ° Low Community MTA:SA,849507122361270302,2450
â˜ª á´›Êœá´‡ á´‡á´á´˜á´›Ê,933487121291952209,2447
ğŸ“¹ DivulgaÃ§Ã£o de C.D.C ~ #3K,659503951561097217,2444
Fabio Store,1080263739468697680,2442
Games e Coisitas a Mais,774034388811644958,2439
JoJo's Bizarre Adventure Brazil,331119862825091076,2437
LEON SERVER,740964078486290595,2437
É¢á´€Ê™Ê€Éªá´‡ÊŸ ÊŸÉªá´á´€ sá´›á´Ê€á´‡,1096478870137491456,2435
FETICHES & ERP || BR,905583137143263243,2435
ğğ¨ğğ¨ğ¥ğšğ­ğ«ğ¢ğš ğğ«ğšğ¬ğ¢ğ¥,837752529575739419,2429
Diskus Comics,755927157951430786,2428
ğŸ”¥Bar dos InsanosğŸ‘¾,1059966615497752737,2420
RAKAL 4:20 YOUTUBE,829809651864305694,2420
â„ ParaÃ­so Otaku ğŸ„,724581800709718037,2411
Devil's Brigade #3K,1047838697728528394,2404
NeewLand Minecraft Server,764979178289496064,2399
BLOCKTEAM,915658545385582653,2398
Libertas Unius,837343837407936602,2395
Call of Duty: Mobile Brasil,564119590896926720,2393
AnimePLUS,864252583584464956,2389
ELFO SCRIPTS,668128366888484882,2387
Heiwa,1119636712394588191,2386
Infinity Media Â®,883416630313517087,2382
â­NAVE GUSNIGMAâ­,501787516773597205,2379
Gartic Phone BR,770872456276738108,2377
ğ˜¾ğ™‡ğ™ğ˜½ ğ˜¿ğ™Š ğ™‹ğ™ğ˜¼ğ™•ğ™€ğ™ğŸ”¥ #3k,914939624412028981,2359
Genius Machine (DESATIVADO),764669183660130345,2359
ãƒ»Shinobis | Ë¢Ê°á¶¦â¿,696054725417762836,2358
Provedora Universal Hosting - Qualidade + SeguranÃ§a,736669987783180349,2353
Syxes â–¶,1059617133920788520,2352
Kingdom of Games,451078616135106560,2348
Divinitys å¹³å’Œ,903746949897941053,2345
ERREJOTA,1057157257307111504,2343
gifclub Â©,1064951506442408066,2342
ğŸ”¥ Onlyfans Hot ğŸ”¥,822686962653200395,2342
ğŸ”¥ ğŸº Î” Òœ Å¦ ğŸº ğŸ”¥,1106826932043124796,2340
â§‰ ğ— ğ—®ğ—´ğ—¶ğ—° ğ—©ğ—®ğ—¹ğ—¹ğ—²ğ˜† â§‰,975407643181064252,2339
GeForce NOW Brasil,693999064328699965,2336
Dead By Daylightãƒ»SA,1109225761023475804,2325
AnimeBlox,754299424003457145,2318
A Taverna | ERP,912766643728429096,2318
Duvale,1157553941723217960,2311
365 DAYS,974725794037387273,2310
NOOBS EM AÃ‡ÃƒO #3K,670847168923303938,2302
ğ™‚ğ™§ğ™ªğ™¥ğ™¤ ğ™™ğ™–ğ™¨ ğ™ˆğ™šğ™¡ğ™–ğ™£ğ™˜ğ™ğ™–ğ™¨ ğŸ‰#2.4k,778726691610034197,2301
MIGRAMOSğŸŒ¸,886653804475473940,2293
MYTAxp ã€Œ Xora Poko ã€,578388243175964684,2291
â„ ğ—œğ—»ğ—³ğ—¶ğ—»ğ—¶ğ˜ğ˜† ğ—¦ğ˜ğ—¼ğ—¿ğ—² - MTA SA,1062155292743319562,2287
ğ–¤BitterğŸ«€Promised,720394519656530070,2285
â˜• Cafeteria do Biel,1043274767102398555,2279
Chama No Link,692769195779293244,2269
RaioServer - RPG ğŸ²,1018957634314973194,2267
Magic: The Gathering Arena Brasil,442069830388940822,2260
ğŸ” Pattizinha.Santos ğŸ”¥,1075015167286452264,2253
Casinha,759170962691981333,2252
SERV ' I N Z ğŸš€,920556888079360041,2251
IrmÃ£s a obra sem obra,998954939105681528,2249
Nootz Host - NH,724354340202086500,2246
Artistas ğŸ¨,357954264733188118,2242
Perdidos no DiscordÂ®,1007033715970543710,2242
3 Convites = 50$ Gift Card,729470695880261712,2241
vo cutuca seu boga,942245856449556571,2235
Torre do Mago,713403470551711786,2234
New World SA,1016362568631197746,2231
RDS HOT ğŸš·,1029150756424663141,2231
PSX Central,904803959083004004,2230
Pinwheel,861313067291115541,2227
Midnight Alley #2K,892463875591643176,2225
Fenix Hype 2.0 - RP | SAMP,826488634618282014,2223
fofos city,765240194643001355,2221
[RP] ğ‘»ğ’‰ğ’† ğ‘¬ğ’”ğ’‘ğ’†ğ’„ğ’•ğ’“ğ’ ğ‘¼ğ’ğ’Šğ’—ğ’†ğ’“ğ’”ğ’†; Era das Trevas - S.7,1020877828763439205,2221
GeraÃ§Ã£o 144k ğŸ„,902659504565526620,2220
Seoul Roleplay,902004937687445514,2220
ğŸ’¢ğ’DESTRUA-SE ROBLOXğ’Œ‹ğ’Œ‹ğ’Œ‹ğŸ’€,793123281473372200,2219
Audaz,278353756574187521,2219
ğ˜¾ğ™¤ğ™¢ğ™ªğ™£ğ™ğ™™ğ™–ğ™™ğ™š ğ™™ğ™– ğ™€ğ™£ğ™©ğ™ğ™™ğ™–ğ™™ğ™š,917812144513380402,2215
Kamizak packs,1081766944685969418,2206
CzarskistÃ£o,1048416560257183785,2203
LEAO DEVELOPER,983404983489822780,2202
zzz,461730594662121472,2198
Zona dos Amigos | #2K - Discord Official Â©,345619225869811713,2198
ãŠ™ Dark Night ğŸŒ™ ã‚ | ImpÃ©rio Night.,705252710613778432,2197
ğŸ‡³ğŸ‡± 4v4 Da Holanda ğŸ‡³ğŸ‡±,883909647449325588,2197
ğ·ğ‘ğ‘Ÿğ‘˜ ğ‘…ğ‘œğ‘œğ‘š,1058755305422458910,2197
ğŸ„á”•á•¼á—©Ãã€‡á—¯ á—¯ã€‡á–‡á’ªÃğŸ„,793410942045913139,2196
ğŸ¥¨ | DivulgaÃ§Ã£o RP/RPG,652180309076475904,2191
Sky Community,1138179992904286270,2191
ğŸ”¥MAGO PACKS #2K,916093825729048627,2189
RPG HUB,838238731474829322,2187
Script Kiddies' #TKA,1086424970281893999,2185
Web Love 4.0,919725340069335081,2183
æˆŠ'Lost Lineageãƒ»ğŸŒ™,1019040259872399420,2178
Mine City,983129441146396723,2178
ğŸŒº School of Yumaru [RP],1013844079047618652,2176
ğŸ…ğŸ¼ Dev. Center Oficial - Season 2,724823792794337301,2176
ConexÃ£o Host - Fechada Temporariamente,690429090229911613,2176
ZÌ¶EÌ¶â™SÌ¶ãŠ­TÌ·EÌ·AÌ·MÌ·,664261199210217503,2171
Cantinho do Prazer áƒ¦ 3k,1048718852873257134,2170
Universo Paralelo,812926553276416020,2169
ğŸ’© CrazyShit +18,1081723169573965925,2160
â˜ªOÆ¬AÆ˜USâ™¤Æ‡RIÆÆ“ÆSâ˜ª #5K,809507759485222954,2150
ğŸ§¬ Umbrella Corporation,938142298754154596,2150
Sâœ¨K,1064406899824537691,2148
Minecraft em PortuguÃªs,787686038633840640,2142
MIGRAMOS!,954457249840005192,2140
Central Dos Games,872197692816773140,2140
patricinhas,934298141426085949,2139
Hashira HandBook,1019282628916035744,2136
Faixa de Gaza Roleplay,867877883870314547,2133
RandolÃ¢ndia,1018710710827618394,2132
Miami Vice Beach,1136335006378250290,2131
Techmmunity,784050272263471145,2131
â™° Gangue 69 â™°,765629163671257099,2124
ğŸŒˆ BraFurries - Furries do Brasil ğŸ”°,753321055682035712,2124
Elite Guardians,366841894031851525,2123
Danny Barbosa StudioÂ³â„¢ #1000,1065813783437643837,2123
1upsmash - Smash Bros. Brasil,115596871996538884,2112
NOVO IMPÃ‰RIO,888168535929532526,2109
sexo,760566565501534238,2102
Forza Brasil [MWBR],887497747459092500,2097
ALLCENTER NETWORK,693888384262995980,2095
ğŸ‘‘ BDR ğŸ‘‘,937704332122525846,2093
Macrebs,889320497244962826,2088
Delph's Loungue,1107055120132362361,2082
ğ™•ğ™¤ğ™¤ğ™¢ - ğ™ğ™®ğ™¨ğ™©ğ™šğ™¢ | #2k,1098014702216421489,2080
Colmeia,1100827928666853456,2076
â˜•Cantina do PapoğŸ©,907633893681807461,2074
CafÃ© da Amanda,757289521816666252,2071
ğŸ’» CPU | Discord,703034748666380288,2071
â‚ŠËšâ˜†ï¸°âœ§ Bleach Reborn âœ§ï¸°ğŸ”¥âŠ¹Ëšâ‚Š #2.5K,995721240973160498,2066
Galaxy Developer's Season 1 #2k,877656095970164797,2063
Biblioteca da Meia-Noite,958436550130139167,2060
New City Rio de Janeiro Roleplay,804370589728505916,2060
CodeCord #3K,1057561559389438042,2054
gyako . . !,953298800909369384,2052
ğ‘ªğ‘¯ğ‘¨ğ‘» ğ‘«ğ‘¬ğ‘ºğ‘¨ğ‘©ğ‘¨ğ‘­ğ‘¶,737811865782059039,2052
MERCADÃƒO | PXG | GLA | OTP | ROTS | NTO,902225844125192203,2047
Taverna do PÃ´nei DemonÃ­aco,641101787071250432,2045
æ·±æ¸Š ! Ordem do Abismoãƒ»ğŸ”®,1022947480381440040,2040
Servidor dos Cracudos,795451218209669152,2039
Baguncinha ğŸŒº,760624024312610837,2039
ğŸ¦‹ Magic Degenerado,621520708085743626,2034
â˜„ .Â°â€¢ï¾Ÿï½¥ ğ·ğ‘Ÿğ‘’ğ‘’ğ‘šğ‘¦ ğ¶â„ğ‘ğ‘šğ‘ğ‘–ğ‘œğ‘›ğ‘  ğ‘…ğ‘œğ‘™ğ‘’ğ‘ğ‘™ğ‘ğ‘¦ ï½¥ï¾Ÿâ€¢Â°. â˜„,981273594963300382,2031
ğ“‚ƒ â‚ŠËš â„ áƒ¦ Snow Friends GFX #3Kâ™¡,771369832187953152,2029
Midjourney Brasil,1008273340869398569,2029
Um Servidor aleatÃ³rio,836387844855037972,2025
Street Fighter Brasil,201148607607472128,2024
Dragon of Scripts,1000976425957998662,2020
ğ‘³ğ’• ğ‘¼ğ’ğ’Šğ’—ğ’†ğ’“ğ’”ğ’‚ğ’ ğŸŒœ #2k,1158496786810413117,2009
School Roleplay,702577294350221350,2008
IcedStoreÂ®,1076120122864967712,2006
Pv On,960642149588803654,2003
TD2,842489342194221146,1999
Vegas,1172228418985791488,1996
AleatÃ³rios ğŸ§™,893283271092350976,1996
SantuÃ¡rio do Avex,722253176283070506,1996
Bar de Esquina ğŸ»,822593972353368064,1994
[TTBR] Temtem Brasil,661014514312937473,1989
Brasil Together [Oficial],409082308067459161,1987
PSO2 Brasil,676466044302262272,1987
Shinobi Tales | 11.0 #2.100,765792448701267998,1984
Bh Store,1027747206977036371,1984
GARCIA,679340961045938207,1983
ğŸ¬ãƒ»HospÃ­cio,807012191903416371,1981
Medley ğŸŒÂ®,815450434289532928,1981
bebelyxz,1083422074766381147,1978
ã€Šâ›©ã€‹ğ‘¶ğ’Œğ’‚ğ’šğ’‚'ğ’” ğ‘¨ğ’„ğ’‚ğ’…ğ’†ğ’ğ’š: ğ‘¹ğ‘·,982660051326107699,1972
à±¨ğŸ–Œá°‹ï¹’Ä±lÄ± ã€‚ğ†aráƒ«á¥±á¥’ ğ–¦¹ğ–¿ ğ„ğ—ê«€rá¥’á°»ğ—y ï¸¶ê’¦ï¹•#2k...,1078557527253467197,1971
DARK PLACE,823781447848165417,1971
Beco do amor,1125175494556536842,1964
Cantinho do Tonardo,955592856058331156,1955
Eterna Alpha Sports ğŸ’”,923732342001000468,1954
ğ˜ğ˜ğ˜ğ˜›ğ˜Œ ğ˜ğ˜–ğ˜“ğ˜ ğŸ”±ğŸº #2K,1036782636888248320,1953
The Government,806623220630683729,1948
/fazendinha,955142121113911356,1948
Kobayashi! People of culture,707195940318216222,1947
Taverna Hearthstone,337203812093657089,1945
Reinado Dos Estudiosos ğŸ‘‘,798055780204544052,1937
SPACE X,757712303214035044,1935
Ghost,854355546734592000,1935
FederaÃ§Ã£o Tempest do Yomi,925897359471300608,1934
BR STORE HOSTING // COMMUNITY,822155725744767046,1932
Êš Midnight City É,841763328070123520,1931
Mirys,666473650068783114,1928
Portal Luz,902967176355536957,1925
Paraiso dos Gifs - #3k,900190428589068321,1919
ğŸŒ  Cometa Charlotte æ˜Ÿ (Servidor Fechado),910537243763044382,1917
RDW ğŸ§¸,1000491573596917850,1913
ä¹ˆ Magia da Lua,869731450247843860,1911
Comunidade Ruffer's,1059517183471919214,1908
REINO DOS FLUXOS ğŸ’¸,480520327814971403,1905
Bee Swarm Simulator (BR/PT),729878767492661308,1904
I. D. W. ğŸ… #2k,948023408539631698,1896
Poneitudinho,735268367178399784,1895
ğŸŒ¸HOSPÃCILO DA SAKURAğŸŒ¸,892265702952665099,1895
Otakus BR,828415559183630357,1892
Kombopvp.net | Prison & KitPvP & Survival,1126126208082513970,1891
Mundo do Sexo,1060285491729158286,1891
"em breve ""swarm""",882702359451553799,1887
Sweet Kingdom#3K,785085720725159936,1881
Farm de LoL TFT Fortnite & Overwatch,755201015799873586,1880
BRASIL INSANOS,821211193858850836,1880
RefÃºgio dos Crias,928096006501986314,1879
ImpÃ©rio do Kingg,930108325834686485,1877
Union - Lab & Botlist,943650628499013722,1874
Estado de AG,697921195764351097,1873
AMEX Company,997264568206241802,1866
å®®æ®¿ Virtual Palace #25k,999038656885043201,1866
LIKE ROLEPLAY,538833929650831371,1860
Awai house,1015388635291451493,1860
UwU,920115318582571050,1858
âœ¯Central Gamesâœ¯,1059963386273742959,1856
r/TransBr,904056418141864016,1854
Friends Apartment,712408294387351603,1853
LOST FRUITS #BLOXFRUITS,1047681811200888923,1853
à¼ºğ•³ğ–”ğ–šğ–˜ğ–Š ğ–”ğ–‹ ğ•²ğ–‘ğ–”ğ–—ğ–à¼»,782364208049422368,1852
Universe MKT Digital,319600521575006219,1846
Reino dos BudÃ©gas,759600607153094726,1844
UniÃ£o Network - #2K,1101480181107015770,1843
StarBuxx #2k,1069454503897726976,1842
Blox Fruits â€¢ BR,963832363270438982,1839
Hunt Brasil,814189491660390400,1839
ImpÃ©rio Wikiano,487711434449354772,1837
TRP 7,882466913014407248,1836
Path of Exile Brasil,281540062368366592,1836
Sus,670951384555716638,1833
A Nova Realeza,708348481122861077,1831
Ronekos Star â˜…,1034093793542156338,1829
ğ™ğ™¡ğ™ªğ™­ğ™­ğ™’ğ™–ğ™«ğ™š,719723760697213019,1825
SKR GIFâ€™s,740320540643819581,1821
GTA PARTY,914202922546495498,1817
RESETANDO [RP] SHINGEKI NO KYOJIN,772404960267599892,1814
ğŸ” Dubae (Hentai Boing) (NSFW),663169394796658700,1814
Guilda dos Aventureiros - RPG,805249833505783818,1814
"Masaki ãƒã‚µã‚­""",749501706076946432,1813
Strawberry ğŸ·,817447709119873054,1813
Ex-machinist CLUB,1044358952760127518,1812
Sampas Community,1109951115665088597,1810
King communityğŸ‘‘,1059597056999702668,1806
Ganrond :D,713243764277248030,1803
ğŸ‡§ğŸ‡· Crossing & Coffee â˜•,953320294595063828,1799
ğŸ² Hodan House | å¹³å’Œ,891699787655675906,1799
ğŸ† â€¢ CafÃ© Das 69â„¢,839147948238569555,1798
Geek Club,971459106395291748,1797
minhas sissys,976261612342247465,1795
Greenit,725776817054810113,1794
è°·áŸ¸áŸ¸ Cafeteriaâ„¢ â˜•,790941511914618930,1794
ã€˜ TAVERNA RP/ERP ğŸºã€™,1033886984256635022,1793
Sea StoreğŸ¬#1k,1098461380358713416,1792
Litha,788223086994522143,1788
Balaclava #2k,879850644708655164,1788
Weark,544709502239375366,1788
Under Construction RP,848598871294214186,1785
Wmbrella Gaming Room,305236338523897867,1783
æ­»One Piece Kingdomãƒ»ğŸ˜ğŸ–•,756594393179226255,1783
ğŸ‘¹à­¨ãƒ»ê’°ğ˜ğ˜³ğ˜¢ğ˜¯ğ˜¥ ğ˜—ğ˜ªğ˜¦ğ˜¤ğ˜¦ ğ˜™ğ˜±â„¢ê’±ãƒ»ãƒ½ã‚™â€§â‚Š,932011416242782208,1783
YOUTUBER'S COMMUNITY,933704272036651009,1783
ğŸŒ™ Assembleia da putaria,1076366438228570172,1781
World of Linux! ãƒŸğŸ§å½¡,141148283471921153,1773
Gang MamacoLouco,872057471492034560,1771
NWG - New Genesis,1033109596157530163,1769
Recanto dos sentimentos,937369585240391720,1769
ğ‚ğšğ«ğ¢ğ¨ğœğš ğ‘ğ¨ğ¥ğğ©ğ¥ğšğ²,965454335830024323,1765
ğŸ„| Cafeteria Dud's,935610056710455336,1760
Castle Store,593967101090201611,1759
å¤©å›½ Celestial Heaven,1060211628404113618,1756
Winterhold College - RP,711831602061246486,1755
CAFOFO DO DINOX ã€½,1006230624660619345,1753
é ¹ Gods Of Paradiseâ„¢,619353359169748992,1752
ğŸ¨ United Artists | UA OFF,801870869428961350,1749
NTR BR,757798440875982970,1748
Blacked Brasil,1088939355302809600,1746
MaxGames,874399216976425000,1743
PokÃ©star #1.8k,922951836649021501,1735
ğŸ‚â†³ Shinobi War â€” Naruto Medieval ã‚ 1.3 è´§â‚Š,949456184719601664,1734
Elden Ring Brasil,802965173132460032,1730
vÃ¸dka,847216162445983774,1729
ğŸ† â¡CYBERANIMEâ¦ ğŸ†,666117371026735105,1727
VENIX STORE - OFICIAL #2K,964569263593631764,1722
ğŸ¥¤ãƒ»Family Tavio # 30K,810981818513096725,1721
Tharftha RPG,723659567761981593,1720
Gyutar Tato,1056187022185877596,1718
SEXO GRATIS,938153784046129173,1718
ZentriX RP [MTA] Â©,828161663752208414,1716
Dream Forward (Arquived),822548265177579620,1715
ğŸ–¤RAVE NIGHTğŸ–¤,865806292793425951,1713
[GSPS] Shop #3k,1154237743954665553,1711
ğ™ˆğ™–ğ™˜ğ™§ğ™¤ğ™“,1103122448897019958,1711
ğğˆğ„ğ‚ğ„ ğƒğ„ğ‹ğˆğ‚ğˆğ€ãƒ»#2k,842505921313243156,1710
CV3D #2.000,930636228288708619,1709
Reino do Amendoim ğŸ›•,729486515779928166,1708
Willard Carroll Smith Jr.,761892254519918592,1708
Party Animals Brasil,1035937126015058040,1706
ğ‘¬ğ’ğ’…ğ‘³ğ’†ğ’”ğ’” ğ‘¾ğ’‚ğ’“ #2k,925128909387862036,1706
ğŸ„ VIVENDO NO LUXO ROLEPLAY,934508232758681640,1704
Servidor Do Nickemanzero,332950003175915525,1701
Orleans RP,1000376698652602388,1701
The Codersâ„¢,677642178083946580,1691
Mundo dos gatos #2000,1095037438197502012,1690
Bjorn Store ğŸª“,795007115054809128,1690
Quartinho da lolizinha â¤ğŸ”¥,983956088162504725,1688
Hentai Club #2K,898253631608991818,1688
ğŸ§Š ãƒ» Cold Forest ã°,879607458652356618,1687
ğŸ–¤ï¹’MORTOï¹’Sorcery Memoryï¼á¶»z,841445322223648789,1686
paquera namoro amizade paqueras namorar amizades relacionamento relacionamentos - Altair Kusanagi br,935634114197999636,1682
Comunidade Perversus,910194168163336252,1681
Tropa Do Medo,998658709368610876,1680
Godot Brasil,471147340212994050,1677
Stray Kids BR ğŸ¸#ROCKSTAR,954465039438450689,1674
Otaku F*dido,957757847968555018,1669
â˜…å½¡ [RP] ğ—ğ—»ğ˜† ğ—Ÿğ˜‚ğ—® ğ—–ğ—®ğ—¿ğ—ºğ—²ğ˜€ğ—¶ğ—º ğŸŒ•å½¡â˜… GEN 5 2.0,1062127067342307438,1667
Yoxihn Club,807078502767525898,1667
GalaxyZone #Novidades em Breve,834933416125923429,1665
BRZINSP_OFICIAL #2K,427137392319922186,1663
Red Dead Online BRASILâ„¢,871494567587876914,1663
ğŸ† SANTARÃ‰MğŸ†,819468920682446868,1658
Nice HostingÂ© #2k,852296224698007572,1657
SufWorldğŸš€â€Š #2K,874695246515167273,1654
Apollo-11,710246790485508129,1653
â˜• TripulaÃ§Ã£o do CafÃ© #15k,972284486186328134,1652
F R E Y A L U X U R Y C I T Y [ERP],745457213379706911,1650
Tempest's,975490474674622484,1649
HospÃ­cio Family,965231796738478160,1647
ImpÃ©rio do Taki | ğŸ‘‘,833167070153670726,1643
PorÃ£o da Weeb â„â˜ƒ,841459210369105972,1643
CDP [what to do?],868485747144003634,1642
The Spades ğŸ”¥ | #1K,929437222153887807,1642
âœâ‚Šê’°â­ê’± â€¢ ğ˜½ğ™£ğ™ğ™– â€¢ ğ™„ğ™£ğ™™ğ™ğ™«ğ™ğ™™ğ™ªğ™–ğ™¡ ğ™’ğ™¤ğ™§ğ™¡ğ™™ Ëšâ‚Š,964247348463173652,1641
Feudo SBepost,301473224342896641,1638
Music,765017419508219914,1635
Discorplace #ğŸ“šâœ¨ğŸ“»,935531232358449172,1634
Moonlight,796206818644721715,1633
ğŸ¥ æ„› ğ™° ğš‚ğšğš—ğš—ğš¢ ğ™³ğšŠğš¢ # ğŸ¸ğš” â˜€,870871923926646874,1632
'777 ğŸŒ¹,768981769973661696,1632
T1zzo Store,797585630275043360,1625
ğŸ”¥ğŸ˜24hrs de Puro cabarÃ©ğŸ˜ğŸ”¥,974837266142859315,1624
Draconic Hunters,887547540004814939,1624
â¸â¸ Scarlet Island âœ¦â‚Š #2k,768101173500444762,1620
Wave-X â€¢ Clan || SGâ„¢,936152181730598953,1620
100 NAÃA,1087000622743687290,1616
Cozmin,738741540662542387,1615
á±–ğŸª Genshin Worldâ­’â—à£ª ğ“ˆ’,929919538093518918,1615
â€¢â€â· ï½¥ ğŸŒ™ ï½¥ RefÃºgio | #2k,1077828382173167627,1615
MundoGamerâ„¢,233437911071195136,1615
KZ COMMUNITYğŸ„#2K,1145093212353089559,1614
â„ | RAGNARÃ–K,954433665650278440,1614
Fabricantes De Problemas,917136952376053850,1614
ğŸ‘‘ï¹ğ‘ğğšğ¥ ğğ¢ğğœğ : ğ‹ğ¨ğ¬ğ­ ğ“ğ«ğğšğ¬ğ®ğ«ğï¹—,1083572045226455121,1614
apocalispe X,1013088867047440435,1612
TROPA DE KONOHA,1012427478419111987,1611
MÃ¡fia,894819668089516072,1610
Zero Shop,886787013737611346,1608
Grama do Vizinho (18+),963935292446871642,1608
Cantinho da LyhğŸŒ¸,1035742624360972309,1607
PSF 2k,882438932330078238,1606
Academia dos Gamers,809102006639394836,1602
PORNOZÃƒO +18,1040241970829860925,1601
Bar da Vi Brasil,967995636035244033,1600
POUCO PROVÃVEL,972180602189152326,1593
GG IZI,867349496807424030,1593
ğŸ•| Friends of Freddy Fazbear's Pizzeria | FNaF 6 Edition ğŸ¤,708762129905483856,1589
Vaca Roxa,331222714431963136,1588
Iá¥´á¥± Crá¥±á¥²ê§‘,784537732059758642,1587
Familia Devilâ„¢ ğŸ˜ˆ,957648378358034452,1583
Asuka's Brothel â¤,1042965327937552404,1583
ğŸ§¬CENTRAL INFINITYğŸ§¬,925170475460624394,1582
compulsivas,957101561593606164,1580
ä¼š Universal Gifs' ğŸš€,711209068278185985,1579
ğ“ğ‘ğğğ€ ğƒğ ğğˆğ“ ğŸ¥¶,772603451388592199,1578
Coronel S2,808146026425745418,1577
Rage Quit,665639253023391764,1575
E-girls' Attic #2K,846202427962425345,1573
GDJ - Grupo de desenvolvimento de jogos,663725371773943828,1573
NortePT Comunidade,851957117458972682,1572
Infinite Majesty â€” â„,1066742166245888090,1570
âœ¨ Î£MOJITOPIÎ› BR âœ¨,478566000737124392,1569
MINECRAFT PE,966434648894898187,1568
ğŸ’œ LP â€¢ Mods & Store,825416378495270984,1567
æ„› - Celestie Sea,987363677067943956,1564
Moon Palace,860497431967301652,1564
Strawberryâ€™s ComunityğŸ“,1017984241360973844,1563
Cafofo da PÃ£o ğŸ,1015683116276383924,1563
BITBUNKER,1090364250335228104,1562
Lins #2k,1136670050829467708,1561
GabiCode,911067021209391135,1560
MINEIRO FLOW SV,757692198325321768,1560
Mudamos,932324914680176691,1559
RetrÃ´ #1.6K ğŸ¥,1028105841125101628,1557
GIRLS +18,1029113789272047737,1555
ğ€ğ©ğ©ğğšğ¥ğ¬ ğ…ğ«ğğ,886347807148097577,1555
Anormaly's Mm2,1069312663470997514,1551
Heroes: Online BR,981716609070694421,1548
ğŸ’¸ Jovens MilionÃ¡rios ğŸ’¸,1043193529771507846,1547
ERP Brasil,690805057985183794,1542
ğŸ”¥ inferninho ğŸ”¥,913103244883017768,1541
Thomaz's Cord â‚ŠğŸŒº,761319284588675074,1541
ğŸŒ´HAVANA RPğŸŒ´,725388427540824087,1539
Carlinhos Nation,1062978478363918387,1539
ê’°Abiguinhosï¹’ãƒ»Ë– #2k,923672013053231115,1537
Gaigaia,523460967309377537,1537
TBL,1168600146213355614,1535
Overwatch Brasil Insight,517732666737426472,1535
ğŸ“¢ SUPER DIVULGAÃ‡Ã•ES ğŸ“¢ #800,732361567315820616,1530
Sociedade Adeptos Webnamoro (+18),1100587348233822278,1528
Alliessel,648966440585527306,1527
Sensuality 2 invite = nuds ğŸ‘,1083900525365436516,1526
twitch.tv/furionnzxt,1118640397032374424,1523
ğŸ›One ğiece ğaradise RPğŸ› #1950,1008488416314400918,1523
Rn Community,949538160034074724,1523
Mirai Translations,603325287832354855,1521
Êš multiverso otakuâ„¢ â€¹ğŸ¹,1012764723445506138,1518
PomoTrem,750798378417389690,1517
Hotbanshee Heart,960697326282891366,1515
LÃ˜JINHA DE 1 R3AL,1004782551312891954,1512
Lost's 7 Community,940460592429432884,1510
Eternity Animes,700057607783579699,1508
â¾• Animes Revivalâ”ƒ#5K çŒ«,1036750134794518528,1508
Brasil ConexÃ£o Apollo #2K,677930081859010597,1507
Dying Light BR #2k,1043245514063364208,1507
Gacha Community,973310010572570696,1506
ğŸ”¥ Pandes D' Monkey #16K,988210433963999282,1505
Recanto dos Virgens,838463125526937620,1504
UP - Universo Paralelo,1061803427614703626,1503
æ„› â€¢ Anime House â€¢ â¾•,790222431784009748,1502
Copo de Leite ğŸ¥›,757340238082211970,1496
Marcos Drumom #100k,673150198515499008,1495
The Shelter,742463611594604604,1494
Palia - Brasil ğŸ‡§ğŸ‡·,1104935928159543376,1493
Dkt vendas [+18] ğŸ˜ˆ #2k,961759321639755777,1491
NFT | GAMES,879215515493601320,1489
NewLands Servers,736312710173818971,1489
ImpÃ©rio das Almas,1078098529047818355,1487
Dynasty Society #2K,806624150814720021,1487
Night Gamers,784201414704103455,1487
GTA Online BR,950546687477317663,1485
ğŸ’ª | PassioneV2,737881658061094972,1485
Galaxy Anime's & Social åˆ,887098989109993473,1483
Fnaf Pixel Simulator/Fan Game ğŸ‡§ğŸ‡·,1113191854788329522,1482
FutVerse âš½ & Futebol,1089972652871000164,1482
Indie's Community ğŸ“,617055409697718282,1481
â›©ã€˜Dragon ball - RP : Space ã€™,796726780878782465,1480
ğŸ†Tropa Da Cosmolandia,813148645250957343,1480
âœ¨ Neo Piece (em Ã“bito)ï¹RP/RPG #1.5k,1017920752881782844,1477
ã€ğŸ”¥ Yuusha No Sekai! - RP ğŸ”¥ã€,1067860124540080240,1475
Server da eshiikk,811027669554036746,1474
Sunest,981354171213168720,1473
ğŸ“¢ NXS DivulgaÃ§Ãµes,1134296552849014804,1471
Sr Carlinhos - Memes,879398935460999228,1470
U Reinu,733288139753521283,1470
Castle Of Anime's ç¬¦,1052745768882155650,1469
DUSSK UNIVERSE #2K,944659822756888657,1467
Elevar 369,1077361010639372288,1466
ğ€ğ’ğ†ğ€ğ‘ğƒ,824254880575258674,1466
Mundos Elementais,1126000671519428628,1466
Extermine eSports,687299215759638580,1465
ğŸƒï¹’Station Coffee,772182631798276158,1463
Fastcode store,1058457685902774353,1463
Juh Store MM2',829732917390344232,1462
Little Island,889666710221783050,1461
Servidor do MonochampionYT,727210071272194108,1460
ğŸª„ï¹’Destiny Light êœêœ,760668313759252531,1458
VIPERS,709067489551712267,1458
ğŸš€â”†SÃ£o Paulo RolePlay - Season 2 ğŸ…,763550993907974164,1456
Creative Club ğŸŒŠ Suporte & Comunidade,895756577859059753,1456
Geek Lineage,954149109395230751,1456
EDITORS BR ğŸ¬,955203502483861514,1455
Black Friday Gacha Store #14k,1173684337770774568,1452
MUDAMOS DE SERVER!!!,788025016209768479,1447
ğŸŒğ–ğ¨ğ«ğ¥ğğ–ğšğ«ğğ‘,849696655510863914,1447
ğŸ” CabarÃ© Secreto,796407000409178142,1445
ğŸ‘‘ Lotus Lounge,1150529420835176558,1444
Infinity GG,927538090589954088,1443
Teudassâ€™Store [CREDITOS E GIFT CARD],1084619877047873596,1439
ããƒ»Black Lineage,930210838973939775,1439
NARUTO STARS RPG #1500,924513165809696768,1438
ğŸŒˆ ğˆğ¬ğ¥ğšğ§ğ ğğšğ«ğšğğ¢ğ¬ğ'ğ¬ â€¢ ğ‘ğ/ğ„ğ‘ğ ğŸ,899302251426897953,1436
Cavaleiros do Among Us Oficial,838443961211158608,1435
puteiro online,777614434368618517,1433
Corey's Market,850118699884609596,1432
ğŸ©¸ãƒ»TWDâ„¢ - Unturned,873757956552949782,1431
Vale Das E-Girls ğŸ”¥,734871287603658795,1430
ySnow Packs 3k,943670028509773925,1429
Tropa Do Bronks,1110255872631898124,1428
Covil7 Store,1048757196030234714,1428
Ryex,879204191535505470,1428
Rocket Vendas ğŸš€,516331961506070528,1428
ğŸ°â€¢ à¹–Ì¶Ì¶Ì¶Î¶ÍœÍ¡New Fantasy {ğ‘…ğ“Ÿ},801929817703972924,1427
CAFOFO DOS MACACOS,933958627734224977,1426
The Next Generation,456940363471650826,1426
CalÃ¡bria Roleplay,1075077826799210617,1425
TGS| The Guris Society #2k,1085366699852836886,1423
Blue Phoenix,745337964548194335,1423
Aquarius Lab ğŸ§™,932539524486135828,1423
Golden Knights,743299433336274988,1422
â›ğŸ¬ğ“‚ƒ(é’âœ The Foundation )áª,1049483502011285514,1421
Lunar City ğŸŒ™,701241375349276674,1419
Union Servos,782764560989814795,1416
Duppy Store #4k ğŸ‘½,759433044393590795,1416
Prosperity,945647101671522326,1413
â˜… Kingdom Of Dawns ğŸ‰ËËŠË— #2k,756962335381389421,1412
ğŸ‡§ğŸ‡·BRASIL ULTRA ROLEPLAYğŸ‡§ğŸ‡·,762509448656715846,1412
CDR ğŸ¹| #1K,1118157014200234004,1411
â˜•ãƒ»â”ƒCafeteria do Hideri!!,796332728332845056,1410
IMPERIO_SEXğŸ”,773994571687526420,1406
Web Love ACABOU!!!,854064131408658452,1406
ê’° ğŸª¸ ê’± à£ªğ“‚‚ ×… ê©œlympus .áŸ.áŸ Û« â­’,1064045315914727495,1405
ç« Curry Island 'ğŸœ,864276357055512587,1403
ğŸ–¤ â€¢ Nioharo #2K,1068709315063578654,1403
â™¡ Coffe with love â™¡,1023423259187892234,1400
Mundo AquÃ¡tico,768847611163443241,1399
Pixelart Brasil,506180374112632863,1399
AVAKIN LIFE BRASIL,990276652871344138,1397
â›© Cidade Otaku #2k (em reforma/hiatos),920646194789748767,1396
Ê™á´€ÉªÊŸá´‡ á´…á´€ á´€á´‹á´€á´›sá´œá´‹Éª â˜…,709785158311608400,1396
Vasco da Gama,964558605108019260,1395
ğŸ£ï¼´á´á´‹Êá´ á´á´€É´á´ŠÉªá´³áµƒâ¿áµğŸ¥¡,811477097285419078,1394
rehzinha,865856347140653086,1393
TKF,864516759221698561,1391
Migramos,962141062103695380,1391
OKTOBERFESTğŸ”¥,767859171168616469,1389
MainStreet,1042530965219704922,1387
New Empire's â”ƒ Memes e entretenimento,828381523564691506,1386
â˜• Game Night | Animes & Jogos,1092948953315676182,1382
death,1036711136323719269,1381
JUPITER KING E-sportsâ„¢,894992360205869087,1377
à¹‘ï¹’ğŸ«§ï¹•Ë“ ğ’outh ğiece ğ‘ğ : Rumo Ã  Grandlineå—,1043594391450816653,1376
â˜ â€œğ™‰ğ™¤ğ™¢ğ™š ğ˜¾ğ™§ğ™ğ™–ğ™©ğ™ğ™«ğ™¤â€,779769416245706764,1375
Terraria iFunny,908842787900882945,1374
LS Stories Roleplay,527482705491918858,1373
ËË’å‹ Â°ğ½ğ‘¢ğ‘—ğ‘¢ğ‘¡ğ‘ ğ‘¢ ğ‘†ğ‘â„ğ‘œğ‘œğ‘™.ğ–¦¹Ë–à£ªğ–¥¨,974753899212857384,1373
Lolly's Bizarre Adventure,847504416319471666,1372
trator,775685355127046164,1371
â€¢ ğŸ migramos,932831094347276298,1371
Mcbe Brasil,434139133569662976,1370
Sacrott D'OrittğŸš,588056992812105787,1369
Comando da RoÃ§a ğŸŒ´,865348976886153247,1369
Server da Manu ğŸ§ #2K,872878233639587880,1367
migramos...,853076182089596958,1366
Aomossekai | #2k,935910788189810800,1365
ğŸ‘‘ Sindria,771444824041586699,1362
Koda (Migramos),640675075066167345,1362
Konoha Brasilâ„¢ ğŸ‡§ğŸ‡·,726994613591736370,1361
Nitro Power ğŸ,1031198787923886120,1361
ã€Œâœ° âœ° âœ°ã€â”‡ ğ˜ğ¨ğ®ğ« ğğ¢ğ³ğšğ«ğ«ğ ğ€ğğ¯ğğ§ğ­ğ®ğ«ğ: ğ‘ğ [ SEASON 3 ],920036005275381770,1360
BOLEIROS F.C. #23,548665234471125023,1358
âœ½ãƒ»Biblioteca 2023ãƒ»âœ½,893962908101382215,1358
Comunidade - JKzin Mods,1005913033945665576,1357
æ„› Kingdom Fantasy (Descontinuado),736231888217440286,1354
ğŸ”® Rede Amethyst Â©,551891615212634132,1354
Hubbiz Digital,1127408474976948275,1349
Cidade Mobile Roleplay #2K,784503528781512755,1349
SÃ³ Lacoste ğŸŠ,916040270452228136,1348
LIGAS CLASH,689601042077319233,1347
ğŸ”¥ LDL HOT ğŸ”¥,1106725349192118362,1347
æ„› Aniyan's Garden,546660755123077120,1343
Mudae Custom Pics,879133438215594024,1342
The Overclock Bakery,960917624005459999,1273
ğŸ’«Caderno do DragÃ£o | C.D.Dâ­,854007898422116362,1252
Leaf Plugins | Melhor custo-benefÃ­cio do mercado!,901627752392843296,1248
PECINHAS SA-MP 2k â˜¯,1095550345029107765,1248
á´‡ÊŸá´á´á´€É´Éªá´€,979744949430018108,1052
Elysium,530079686475251712,1045
Tokyo Kings ğŸ‘‘,858313382017237012,988
MINACCI Â©,1004715274324430849,768
Animes CX,498662458769014784,585
