Servidor do Goularte, 311627659828527104, 588557
FOGUETE PVP, 727557435363164240, 570489
Garena Free Fire Brasil, 388600486552403980, 364506
ITâ€™S A TRAP, 801894798641332254, 336014
FamiL ğŸ», 634770393382518826, 324001
Canal Clash War, 492858547919650836, 321660
Stumble Guys - Brasil, 938720732110782464, 294036
ğŸ‘‘ BRASIL ROLEPLAY, 595732094899060736, 293347
Space Roleplay, 782386903231758346, 264524
Blox Fruits ğŸ‡§ğŸ‡· SrDarkBlox YT | Blox Fruits â€¢ Anime â€¢ Social â€¢ Gaming â€¢ Emotes & Emojis, 714131978299113513, 256618
Lucas ON, 537007313492639765, 243620
DISCORD DO CELLBIT, 261289646065975296, 242189
Rocketseat, 327861810768117763, 232641
CDW, 934635845460303882, 222071
Canal PlayHard, 334791529296035840, 221917
Among Us Brasil (PortuguÃªs), 594296025561169926, 217650
LOUD Coringa, 756096490300112957, 217148
ğŸ‘‘ E D N ğŸ‘‘, 489286929473601536, 209014
FamÃ­lia ZezÃ£o, 456170392701108244, 195909
DERPONCE, 376174829486735360, 185978
Oficina do ErikCarr Â®, 582430782577049600, 184515
ğŸŒˆ IMPÃ‰RIO RJ ãƒ» SEASON 1 ğŸŒˆ, 538532806544850962, 183088
Universo do Godenot, 400755126047997952, 177286
CIDADE SANTA | SEASON 5, 690983940567334964, 160882
Cidade Alta RP, 519958987953668102, 156233
game.tv BR, 520285222793904176, 154332
ğŸŒ´ BAHAMASãƒ»OFICIALğŸŒ´, 1029541397835022346, 153014
Comunidade MangÃ¡ Livre - SlimeRead, 472974014088740885, 152718
Pixelmon Brasil Oficial Â©, 478961632236666881, 147468
Brazuca City | Season 3, 807106184850178078, 146616
Hype Roleplay, 714265730555576341, 144245
Disney Roleplay, 835190848979075072, 143956
Brasil Play VÃ­cio Red, 637164931027959808, 140149
Torre do Wuizard â„, 877639472173428757, 137852
GALAXY RP | BR, 826527057399775243, 135895
CDL, 777657136137764874, 132894
LORD, 800147435196383262, 132873
GIFZADA, 953748240589787136, 130908
VALORANT - BR (OFICIAL), 701867552946782260, 129631
Destiny Roleplay, 512098978331099146, 129403
Elixir Lab, 786233887705137163, 123003
BDA ğŸ”¥, 692883736940773376, 121128
LOUD BAK, 727053704892514344, 119642
RUSH, 952009663904358460, 119556
Gartic BR ğŸ‡§ğŸ‡·, 456915295307694111, 117555
7Criminal, 951504347378884648, 115809
VSCO | GIFs Icons Emojis & Emotes, 627485429783855124, 115496
Fugazzi Culture, 857830382938095647, 112785
TKF, 1029514308972982335, 110178
GIFNITY, 778802467604791337, 109934
Apartamento da Loritta ğŸŒ‡ğŸŒƒ, 297732013006389252, 108631
FiveZ Brasil - Season 8, 719278686699913227, 108384
Comunidade Tigre TV, 802185764364353577, 104387
Bkinho, 626498806405660687, 102227
Mush, 356472653906968576, 97468
ğŸ‘‘ PortugÃ¡lia RP ğŸ‘‘, 566092875499044865, 96458
Runeterra - BR, 611190099496927234, 95798
FDL, 822623795307216965, 94623
PLIQUE FAMILY, 898613243700998224, 92229
Team History, 422981185673625600, 90332
BUILD Scrims | SA, 862771292389900308, 89765
Brasil Play Shox, 656244004609851455, 89209
Spot Community, 894736096708145232, 87247
Supremo - by Painite, 1019244218973159484, 86824
Good Trades #100k | Blox Fruits Tradingãƒ»Animeãƒ»Socialãƒ»Gamingãƒ»Emotes & Emojis, 1022303823013888041, 84826
Let's Code, 867748958201315328, 84557
B4 E-Sports, 469680989174628364, 84355
Canal Flakes Power, 485486733207666688, 84033
Brasil Capital Roleplay, 589505947702001666, 82972
MangakÃ¡s MK, 826142700889309265, 81727
Forever, 496489150816714754, 80384
Comunidade Gallen, 785227659650924555, 80330
ğŸ§Ÿãƒ»Xou Family, 714973301902016554, 80312
Sebby Games, 510680019593461763, 79912
â˜  CyberPunks â™¡, 637443986528665611, 79423
Servidor do Buuf, 474390629951209475, 78331
PlayRay - RPG, 922504003978395648, 77656
Murilo Fabras, 766279077467652120, 74436
â›” ManutenÃ§Ã£o â›”, 776097788181086218, 74170
Oficial Fortnite Brasil & Portugal, 499203081209118720, 73809
Play SÃ©ries Filmes e Animes | Central, 643597733227397172, 71314
BLAKK GIFS #70K, 694112329645948988, 69353
Paulinho o Loko, 772857533631168552, 69171
Algazarra, 774822577285758996, 68669
TelleZ, 908779712673894431, 68228
Cartola ğŸ©, 758074370890530908, 67207
Gamers Club FN Community, 703694032450093107, 66900
Sorveteria da GuimaÂ®, 762548112622878720, 66650
Decorations For Servers! : #70k, 732311394879406192, 65933
Servidor dos Mentecaptos, 420378219854823424, 64566
Rocket League SA, 719000489106210856, 64269
Blueyes World ğŸŒ, 907040538254004274, 63816
DIO._, 689887036110274618, 63665
New Age Club, 653752015461154887, 62967
Dzordi FiveM Communityâ„¢, 862163901281075200, 62918
TazerCraft, 665353247757959169, 62332
Driscord Brasilâ„¢ ğŸª, 320705589049163776, 62242
AI HUB Brasil, 1124470937442603119, 61060
NOBRU, 717546607574515752, 60915
ZAK, 651787975264436275, 60537
SUF ğŸŒŠ, 947581824312410142, 60501
Gamers Club, 310098662984515584, 60303
Chaves Games, 802244362707664898, 60149
BRASIL REAL LIFE - PRINCIPAL, 547802284579356673, 60078
ğŸŒ„ ROBLOX EMPIRE ISLAND, 704156526956249189, 59788
Comunidade Soberana, 828778305691844609, 59480
LEAGUE of Hu3BR #60k, 524951730534744076, 59262
Servidor do Chelly, 661644628986036224, 58502
EB ExÃ©rcito Brasileiro, 896840730675413002, 57752
Nader FiveM, 852653677907148840, 57645
DALLAS RP Â®, 614190957482475562, 57601
ã€ŒğŸŒ€ã€Veyar YTã€ŒğŸŒ€ã€, 791450229907390494, 57444
Lala du Discord, 680529503750979620, 57143
Gb Family ğŸ…, 603280458805149696, 56915
Blackoutz, 467826353287331863, 56551
Time X ğŸ”¥, 372093361365975041, 56048
RepÃºblica Coisa de Nerd, 723727866164019232, 55870
Brasil Gaming Realista, 442371517515300864, 55497
SteveZ TV, 745023032715903096, 55358
NoWay Roleplay, 771874706534039552, 55133
LOUD Eltin, 737535902745755649, 54735
NT Fivem Community, 853309208779030528, 54461
Hidro ğŸŒŠ, 790738233037422622, 54358
HUMBLE, 638222336130285579, 54130
ğŸ„â”ƒFamÃ­lia Smurf, 607765084420177931, 53773
Underground Roleplay [ANDROID E PC], 618548240601710592, 53497
Hero Base, 842159620227072041, 52864
One | Roleplay, 753757415383498783, 52219
AnarchySons, 220576098134523904, 52140
ğŸŒ´ ILHADOS ğŸŒ´, 706715940276142111, 52130
Player's Bank ğŸš€, 875197474690719785, 51803
ğŸ”± Atlantic RP ğŸ”±, 719912316451160115, 51781
JJORDAN, 755259689649832028, 51587
Servidor do Neon, 893246472043261983, 51174
PUBG BRASIL OFICIAL, 702226596471373924, 50511
CRUSH PVP #RespeitaAsMina, 808184224589938769, 50312
Finch Cuts, 1141741351222902874, 50124
Subsolo do Goularte, 994425853154951279, 49922
Lords Mobile PT/BR, 684698749754540068, 49718
HUNTERS CLAN, 762532417764065290, 49374
LZN TEAM, 931740044417437736, 49308
OFFSET | Season 2, 748204530919014400, 49298
BATATÃ•ES ACADEMY, 311697548903579649, 48860
Gamers Club Fortnite, 774407661176356904, 48759
CancÃºn Roleplay, 878279351169318932, 48753
Distrito, 773229759680217088, 48458
GOAT, 632657191366557707, 48266
Clube dos Babes, 488151893516877862, 47838
FLUXO LUQUET4, 618213071143567361, 47702
ğŸ‘‘ PrivÃª #50k, 961006433585991680, 47591
Honor of Kings Brasil, 978655279157747712, 47329
Batalha da Aldeia, 705256190002593812, 47079
[ğŸ] Bester's Pilots, 813463313815961601, 46714
ClÃ£ NoobDemais, 605446560976994314, 46641
k a m a i t a c h i, 612117634909208576, 46442
Illusion, 869669730116599839, 45779
Inhouse Open, 789190853981241346, 45455
BRASIL ROLEPLAY 3 ğŸ†{PC/ANDROID}, 817924556358156360, 44592
STARSHIPS RJ, 864140785947508746, 44347
RagnarÃ¶k Online, 373175045213650948, 43239
Servidor do Brug, 817218875589394490, 43225
Ballerini, 789888698673922078, 43130
SNACKCLUB, 884458417467559936, 43102
enchanted no rio ğŸŒ, 975794597248766033, 42935
ğŸ‘ŠğŸ¼FIVEM TORCIDAS RP âš½, 732116254940332132, 42155
â–º Servidor da Feh â¤â—„, 740237720781193226, 41964
CROSSFIRE Brasil, 400722698009051137, 41432
coundraW Community - Standoff 2, 607101868069617664, 40822
MineWay | Minecraft Server, 894320808095277056, 40561
4K EASY GAME, 514779388873539594, 40182
Colmeia do Abelha, 727839747090939955, 40001
SINTONIA Roleplay, 852597621042184233, 39986
Nikoverso, 941497813865492563, 39870
BVBSERVER.COM, 562405062534496334, 39452
TITAN ROLEPLAY, 700119975092027502, 38534
Call of Duty Brasil: WARZONE, 686751510369140837, 38456
FamÃ­lia K #150K, 606191550954995743, 38345
AnimesK, 614904136437334044, 38035
Meta Cityãƒ»Roleplay, 1001898693554884630, 37800
KAMIKAZE GTA RP, 458180150882861068, 37620
Blue RP, 1052851568887726091, 37592
MelzinhaMel Games â‚Šâœ¦, 703962586583924736, 37548
ã€ ğŸ‰ GG Gamesâœ“ã€(OFICIAL), 689981542411665445, 37302
ALLIANCE MANUTENÃ‡ÃƒO, 911287122672111667, 37289
Biblioteca da Lulu | Concursos, 825795608110432276, 37048
ğŸ‡§ğŸ‡· Warriors: Animes | Jogos | interaÃ§Ã£o - (2X SONHOS!!) ğŸƒ, 832368852871938079, 36850
Terraria Brasil - O comeÃ§o da Jornada, 855128192364838932, 36474
ygorX ğŸ”±, 751311267808935986, 36264
Hylex - Minecraft, 680183137455833119, 36256
Brasil Roleplay #2, 788350204444803072, 35884
Guiga Games, 771400856372641823, 35607
Problems, 799015525794447390, 35160
Patch Fifex Server, 709919435024105594, 35159
Haze Evolution - Season 2, 757347896910807161, 34891
Comunidade Nettuno de Trade Esportivo, 705909589761064990, 34890
Style Roleplay: Season 4, 805895374903836712, 34871
Mudae BR, 673347608563023892, 34584
CIDADE GRANDE RP | BR, 788905600699858944, 34330
MineUs - Minecraft, 683680628843085835, 34313
ğŸ®Servidor do OdağŸ®, 804367685201821709, 34158
Souzones Station, 289871635455148032, 34144
Taspio, 576153916719366174, 33908
Final Level, 670308311706632212, 33573
ğŸƒ Animes CafÃ© #40k, 609159041499004982, 33188
Tomato ğŸ…, 962397077533519903, 32953
Servidor do YoDismo, 436564122478313502, 32935
Creative Squad ğŸŒ©, 749716543302140044, 32619
VAPO PVP, 1012496641443512433, 32606
Cidade dos Anjos, 740807954932170813, 31991
MuAwaY, 581478241374699531, 31927
Brasil Play VÃ­cio Blue, 729038541446840411, 31888
Maicon KÃ¼ster OFICIAL, 714879341904920677, 31530
CidCidoso, 537014316713639946, 31502
BMR - Brasil Mundo Real SEASON 2, 613247128822611999, 31276
ğŸ“¢ EXP DivulgaÃ§Ãµes, 524949199444377612, 31245
Discloud, 584490943034425391, 31168
ğŸ„ 40 SABORES ğŸ„, 788576978362040340, 31124
bel rodrigues ğŸ“š, 589319189785739264, 30702
Virtinados, 397533217155973121, 30668
TRM RP #30k, 594238946435661834, 30451
Irmandade ğŸ’–, 473518136222810113, 30433
SkyLand, 1078032947489275994, 30366
CAFOFO DO WEEDZAO, 663772565717647360, 30256
iBugames, 495658466354921493, 30240
VOLCHAT ğŸ¦¦âœ¨ğŸ’«, 692234029616857108, 30233
Nintendo Brasil Online, 453039479108927499, 30224
ğŸ¦Š Wolfoxy Gaming, 395271258285277185, 30133
TRIBO GAULES, 412631614099554326, 29961
ğŸŒ¸ Emilandâ„¢ ğŸŒ¸, 494942197922267136, 29947
ğŸ”¥`Fogo Queimado, 347214942715379723, 29860
Kings Roleplay, 1018652162496147476, 29809
Brasil Play Shox - RP, 905538768302407780, 29761
BRFP Servidor OFICIAL, 775780219499184168, 29704
Marble Gang, 608425584397385728, 29644
Morcegada #Bats, 354763826169774082, 29442
Server do Felpinho, 258648784039313408, 29304
ğ˜—ğ˜³ğ˜¦ğ˜­ğ˜¶ğ˜¥ğ˜¦ ğ˜™ğ˜¦ğ˜¢ğ˜­ğ˜ªğ˜´ğ˜®ğ˜° âœ¸ ğ™ğ™ƒğ™€ ğ™„ğ™ğ™‡ğ™€âœ¸, 437790591401590785, 29235
Sobrinhos Gamers, 742581531213692968, 29149
P7GOD family, 683167230309040271, 29015
ParaÃ­so Das E-Girls ğŸ­, 829038138688274453, 28805
ColisÃ£o do Tempo, 270955498298277899, 28436
Casinha do Heki, 825987752351760384, 28329
BAGISTREAM, 315246139601453066, 28315
ILHA DAS LENDAS, 1062833971429380126, 28291
Navio Sunny, 981704660823982151, 28282
Japeta, 279080975525478400, 28255
ILHA DA MALDADE ğŸŒ´, 907071669212946515, 28089
mount, 206679574447128579, 27971
Luxurious, 643169150721589258, 27934
â£ Limas Robux Community ğŸ’° #30K, 1042554839953051732, 27828
Square Cloud, 898377990906454016, 27723
Time Fx âœ¨, 771381666811346984, 27655
ALLIANCE STORE, 846864686166048828, 27175
Canal Manteiga, 573306820605640739, 27154
ğŸ° Brasil Cidade Grande MTA:SA, 519632307888455696, 27095
Ultragaz Mods, 784556603059077171, 26764
SMURFDOMUCA, 521014717670490128, 26705
ğŸ”° Play Life RP 1 ğŸ”° VOIP ON ğŸ¤, 684676696796168192, 26450
Server do R2Extreme!, 761620766784749568, 26425
ğŸ“¢ Divulgue Tudo #26K, 571815024255959041, 26354
Wave Advanced - Season 3, 1006972948999057439, 26310
Destiny 2 Brasil, 343023303893581824, 26234
SKT CITY, 755824217924042892, 25990
OG Community Cup #TheSVCup, 325344632156323860, 25677
Wild Rift Brasil, 906736049252884500, 25566
ğŸ… Spot Games | Comunidade de Minecraft, 835179730004082779, 25511
Z-PIECE ğŸ´â˜  [InDev], 940708449703039079, 25416
study community ğŸ‡§ğŸ‡·, 728741178186399836, 25377
Monkeys City, 833201871648194600, 25336
Academia Veritas, 961369953674596442, 25330
Diogo Defante OFICIAL, 705271072022331482, 25326
HIT ROLEPLAY OFICIAL, 777670245199642664, 24992
ğŸ§BRASIL ROLEPLAY5, 987380380598407248, 24943
New Life Roleplay, 887528121987919902, 24633
Blox Brasil, 842509742185119777, 24617
Tio Gus Server, 774312320699859014, 24586
gORDOx, 260513046441623554, 24570
PANELINHA DO WEBNAMORO, 995941327348961300, 24528
Valorant Pro BR, 302145123704242186, 24428
Guren, 601490822826950694, 24383
GOD GIFS ğŸ…ğŸ», 728643197315842083, 24374
PorÃ£o do Dante, 599413007201730560, 24355
Dash Optimizer, 972518068246941696, 24351
Kings RoleplayÂ®, 331258270914445324, 24323
Dengoso, 683871740878651433, 24301
ZUSHI, 621138487382376468, 23884
Sconza OtimizaÃ§Ã£o & FiveM, 1069198046795153428, 23689
IntoxiAnime, 219648294492569611, 23635
ã€” â˜ƒãƒ»Xablau TVãƒ»âœ® ã€•, 1004878799906820128, 23567
Grupo Secreto, 593617283432054807, 23463
Febatista, 664583904912605221, 23343
NEOBAKA, 1054867603547504740, 23243
EA SPORTS FC Mobile Brasil, 940052491339444245, 23199
Imperial Blox, 1023650759776153611, 23139
Laboria - MINECRAFT ROLEPLAY, 601132132693311566, 23088
Blox Center #25K - Blox Fruits Trading, 1018340698703007744, 23069
Real Cria, 999438748242694284, 23018
Loucademia do PolÃ­cia, 275458197941125121, 23016
Teyvat Universe | Genshin Impact Brasil ğŸª, 748720691645251716, 22907
Bubbles, 885758614252453950, 22895
FiveM de Pobre V2 | SA-MP [PC/ANDROID], 860314323179667476, 22816
[TripulaÃ§Ã£o Sparrow], 347449653546975235, 22814
ğŸ‰Fearnalizando GamesğŸ‰, 517500867071574033, 22715
Taverna Da Akali, 610544084007780372, 22618
Flowland, 596679486653726731, 22604
â„¢ MansÃ£o das Lollys ğŸ­, 1050800498346823752, 22588
Servidor Oficial Pro5M BOT, 616509036313182239, 22498
BOPEGG PVP, 1127493204325961748, 22459
Clube do VTzim, 722589315070427159, 22409
APOCALIPSE Z | OFICIALÂ®, 1013002141931155537, 22359
Darkpius - Drkz Community, 657825354660184075, 22179
Ongame Entretenimento, 510436113492738049, 22059
UniÃ£o Otaku, 792149786068254731, 21988
SWEET | Gifs Icons Emojis & Emotes, 602006032931225620, 21889
Minecraft Brasil, 870126035553902742, 21817
PROCESSOROLEPLAY.COM, 776324487603814412, 21793
SERVIDOR METALICO, 473588273621630976, 21733
SUPER SERVER, 914535217312727061, 21685
He4rt Developers, 452926217558163456, 21624
Kotcka â˜, 688897763152494604, 21577
CraftSapiens, 892472046729179136, 21550
ninexT - Alta Performance ğŸ§¼, 693546351388262480, 21380
Brawl Stars Brasil (Gustovow), 466332007740342313, 21270
Dead by Daylight Brasil, 242729925826707458, 21262
á´ á´Éªá´… á´„Éªá´›Ê ğŸ¦‹, 548474542687780884, 21135
ğŸ„MangÃ¡ Easy #30k ğŸ„, 867833103513550850, 21095
ğŸ’« BGO - BRASIL GAMING ONLINE, 519215420570599430, 21059
GTA V Online BR [DCBR], 343872197540052992, 21042
Zona de Duelos, 813070098834522122, 20912
DISCORD DO KIM, 739290482437259336, 20895
Conversa Toon, 665144069223350272, 20893
#KARLLUS 2M, 628635047175389194, 20765
ImpÃ©rio do Webnamoro, 608306472434270208, 20613
Dumativa Game Studio, 310533478485590018, 20558
â„ãƒ»Mystic Universe - Blox Fruits Trading #25kãƒ»â„, 940477578681122858, 20453
BRASIL ROLEPLAY 4 ğŸ†{PC/ANDROID}, 876072591511662623, 20327
ğŸ’Extreme GangWars Â® BRP GAMES (TDM), 880114598383063050, 20220
South America Memes, 758823756906102805, 20202
Super Server, 385443588269670400, 20190
Brawl Stars BR/PT, 356158777076088833, 20154
REDE STONE - Servidor de Minecraft, 543144393314402335, 20133
ğŸªãƒ»Cantinho dos L3PE #30k, 705484906423386187, 20041
HARDLIFE ğ‘…ğ‘œğ“ğ‘’ğ“…ğ“ğ’¶ğ“, 427657315064217600, 19811
Centro Das Batalhas [OFICIAL], 905251569258356757, 19796
Trade e Tudo - Rocket League JL, 774806837450899466, 19750
Megalodon - Torneios, 118024827050262529, 19519
The Firewall154 Empire, 422268125933993994, 19494
avkn.store, 996782241885716511, 19446
SAITAMANIAğŸ‘Š, 749482310797099159, 19283
Long Beach - New Wave, 696664282615513188, 19281
Comunidade Mine, 1059984143636762664, 19281
MiniMania ğŸƒ, 948051148491866133, 19278
PROJECT OFICIAL, 815331538656034816, 19269
Safira City | SEASON 2 | EM BREVE, 747459254818177086, 18994
GamesHyped, 1001564722329563277, 18952
Pro League Royale, 1026503021993152593, 18811
Flame, 730517177450627212, 18761
Brasil Roleplay Â® [XBOX ONE/SERIES]ğŸ‡§ğŸ‡·, 579126159070068746, 18755
HEEPH, 1101649903446405190, 18745
â•²ââ§¹Xizzenny Famiâ„“y ãƒ„ â§¸â â•±, 790938050057732107, 18676
Rede Paradox [SA-MP: PC/Android], 694339953433247774, 18589
Viajantes, 348294550554411008, 18568
WildRP #20k, 753786611543703552, 18425
Server do Big HeadGamer, 808429465017253929, 18402
BLOX FRUITS - BRASIL #19K, 1030151475135004794, 18387
Rede Nation, 229055492561829898, 18347
DreamTeam, 1027691699700502609, 18235
Mr Nerds, 814585126146015282, 18233
Fraternidade Crypto, 768189244639805520, 18173
sunflower, 752415993904496690, 18055
BRASIL PLAY GAMES, 664957343817269298, 18054
âœ¨ Rede DarkğŸŒ™, 417061847489839106, 18001
Mobile Legends: Bang Bang - Brasil, 941028646754344961, 17989
Roblox Universe, 888207521641271326, 17928
Servidor da Fhany, 745049338396409886, 17921
Guia Dev Brasil, 835773937265934388, 17832
Central Nerd#90K, 908466213972221982, 17738
ğŸ„ğŸ…ğŸ»Rede Dark ğŸ¦Œ, 716171497835855892, 17733
Canal do Saullo, 388085523564199948, 17720
Dark Thoughts | Official Server, 803453822319067146, 17719
Macro Helpers, 764096119797579807, 17714
FANÃTICOS TORCIDAS #17K, 764924190440292373, 17699
FamÃ­lia Master's, 620664110740144158, 17669
Santo Amaro RolePlay, 818250448096067654, 17586
ğ•¾ğ–”ğ–šğ–‘ğ–‘ğ–Šğ–—ğ–˜ ğŸ­, 367456246087024641, 17552
Aeroportunista, 1023019843315847208, 17442
SeleÃ§Ã£o Brasileira | SG, 921864933669503099, 17440
Apex Legends Brasil, 542501711860727848, 17413
ğŸ”¯ FM GLOBAL ğŸ”¯ Comunidade FiveM - Mta - Samp, 1000105533640024104, 17377
FURY ROLEPLAY, 755600746740842498, 17280
Cidade Eldorado RP, 845158991029469234, 17277
Comunidade Sea of Thieves Brasil, 806147920369287179, 17277
Crazy1007 #300K, 798399382297903115, 17243
yukirito, 395842143383453698, 17134
Cruz Community #20K, 861464159773261854, 17035
ğŸ’™ãƒ» CPX MÃšSICAS, 833350457199427634, 16928
CDL HOT ğŸ’, 1115669812664864851, 16919
Toca do Teemo, 715254479309635634, 16808
COMBOIO DO GG, 777371759212232715, 16747
m i d n i g h t, 877586532431708180, 16705
VDCãƒ»VALORANT #ValeuNatalina, 927348475086127164, 16662
BDA GIFS ğŸ”¥, 717699042347319359, 16636
Servidor do Doss, 760175047742324787, 16630
BONOXS, 1084854766988972153, 16565
LINUXtips, 769953234965889026, 16563
otPokÃ©mon, 378171256089870336, 16557
ONESTATE Brasil, 978274733122531338, 16414
Alta Pixels RP - MINECRAFT, 759482365977296898, 16414
Space Community MTA, 796285912127504435, 16372
Perfect World BR, 428180833044791297, 16274
PK Bobux, 1013524430389006449, 16194
ğŸŒ‡ Cidade da Alfacusaâ„¢, 773243899791015956, 16177
Toca dos Ratos, 368778200123179010, 16145
ğŸŒ´ãƒ»Cidade Bella Origens - MTA:SA, 736430271414403082, 16085
ALTO ASTRAL ğŸŒˆ #lgbtqiapn+, 1017118551951298600, 16085
KAKAZiT Community, 845719485653581834, 15984
AjnaMods | GTAV, 695050012866117643, 15946
SERVER DO ZTORRET, 666075899640152105, 15612
victoriemini, 756922064828366918, 15587
MARVEL ROLEPLAY, 872320730937843712, 15571
COMPLEXO - MTA, 988126642398441513, 15562
Street Studio, 667264695874486282, 15495
Black Desert SA, 974021064986361876, 15445
Krush PVP [ROBLOX], 909587300827144253, 15433
After City, 859575645104504842, 15421
Screen! ğŸ”¥, 530907295677415425, 15375
ImpÃ©rio - RPG, 1012065638556119050, 15356
ğŠğ‹ğ€ğ”ğ’ ğ“ğ• ğŸ‘‘, 473691705258934272, 15292
Albaara, 617444722784469043, 15284
Juninho Scripts #16K, 796914745277153321, 15140
BrunaBlince, 401453243537948682, 15047
GEDEZE ROCKET, 828778683740192778, 15002
NOVO ALFAS BRASILâ„¢, 272392804276371457, 14997
TROPA - Free Fire ğŸ¯, 908050859424899113, 14894
Los Katchorros, 581174586448674836, 14890
BAHAMAS, 788599242372546621, 14879
Nuvem Azul Oficial, 1122731624077983765, 14814
Shox Studio - 50% OFF Â©, 852311913139798018, 14789
Zero Communityâ„¢, 988251099117006878, 14765
Universidade SKT, 753503256248057887, 14708
Midnight (tokyo), 750032687867232406, 14691
Legado do Hoshizora, 905657718671540326, 14689
Mirai Jump ğŸ‡§ğŸ‡·, 892408936530075658, 14682
Mike, 1091016942225203202, 14642
Servidor do ZzN Gamer, 786420776843870228, 14568
â„¢Bagdad, 773905499455225900, 14555
EI MINE, 792948544624525322, 14530
Suite do Apolo, 1064058888518893679, 14459
CS:GO2 - Brasil, 220904314426753025, 14445
Yurei BR ğŸ‘», 845480610180890634, 14444
Magnumofspades, 512733165639696435, 14418
CARMO GAMES, 739472330941661247, 14351
Animes Vision, 586033471764430848, 14349
MUNDO DO GHOKs, 417485536094060555, 14309
RubinOT, 1069690873178226819, 14278
Star's CafÃ© ğŸ–¤, 802594126994210857, 14121
Brasil Realidade Virtual - MTA, 650072204570132511, 14108
World Anime RPG (W.A.R), 806905578130505758, 14106
Fyorilandia, 911621490871504956, 14088
ğŸ‘‘ ANIMEBLOX, 822994122197172234, 14029
HIT ROLEPLAY, 807825400402804757, 14017
David Santana #Rumo15K, 944358638909272114, 14007
Autodidatas em InglÃªs, 279045092386406400, 13967
GNX Server, 570641761937129484, 13952
ğ‘ªğ‘«ğ‘«Â® ğ˜¾ğ™Šğ™ˆğ™ˆğ™ğ™‰ğ™„ğ™ğ™” #16K ğŸ’š, 931012756184891422, 13895
HERA ROLEPLAY, 1052966015966904322, 13850
NUVEM, 1020184969022279750, 13848
FortFlix, 470998476054855694, 13787
TonhÃ£o da Silva, 368914908487614464, 13780
DiogoEsteves91, 742546463782862971, 13719
LinksBR, 954469430564388894, 13701
NewCord, 749990715471167488, 13673
EPIDEMIC Z, 815358429056598027, 13626
Code Help, 1094407116946685992, 13620
Clash of Clans BR, 311142888836694016, 13575
FichasOPâ„¢, 949132238149271552, 13571
Kennzy, 593282160086220822, 13522
FamÃ­lia Games #150K, 538111520522108929, 13520
Rede Blacky - MCPE, 832172180715864064, 13450
Cidade PortugaÂ® | RolePlay - Season 2, 805502985371254824, 13433
Mega Company | MTA:SA ğŸ…, 780169394961383435, 13430
RagnaTales, 878428976274628659, 13401
Boteco do LipinhO, 852868481350500392, 13397
IamLaysa ğŸ’œ, 593588642933506074, 13387
Dicas do Sargento, 634867099327791134, 13323
Faixa Preta Community | MTA:SA, 796490546910593074, 13254
Toca do Coelho, 750485169605181530, 13175
ğ˜½ğ™„3ğ™‡ - ğ˜¿ğ™„ğ™ğ˜¾ğ™Šğ™ğ˜¿, 510850180908580884, 13146
Noodles Picante, 584926863437070336, 13119
Rede Warriors, 490380290355757086, 13114
Escape from Tarkov Brasil, 307403235944169482, 13112
Capones Community Â© #13K, 906220650660778054, 13091
INFINITY 15K, 1039570611615305798, 13077
Storm Robux âš¡, 1093667308741869610, 13051
BONDE DO RATAQUE, 322164521622044674, 13006
NETHER, 811834237556097045, 12975
Bradoock, 598689637392973845, 12956
Projeto ACBr, 798697718800318484, 12950
BRDGAMER, 421329460340719616, 12929
Habblet, 767776038024511499, 12901
PUBG-BRASIL, 217777315202072586, 12739
Animes Paradise, 872962755538350110, 12715
Servidor do Geleia, 809783475367837767, 12669
ULTIMO SOBREVIVENTE, 662648668306014239, 12643
Maralto Roleplay, 834512592667934820, 12632
Rocketz Brasil Roleplay, 690992983310336071, 12487
SAS Brasil - The Isle, 605389794641707018, 12458
ETRIXâ„¢, 768471311831662673, 12451
ğ•­ ğ– ğ–Œ ğ•¯ ğ–” ğ–Œ ğ–˜ ğŸ„ğŸ, 726927269863358546, 12451
FURIA, 700387128227659797, 12446
Server Da Biana, 768572220297052211, 12439
Pudim, 621796560493215772, 12380
MATHEUSAV, 455509288266498058, 12314
Elite Community #15k, 796759127678124043, 12276
GTA TORCIDAS - OFICIAL, 637307649100087307, 12225
O Ferinha, 803646274389540874, 12214
CUPULA, 1122604687875637407, 12192
Programadores BR #15K, 755483507698172045, 12161
MINISTRO, 619708051406192669, 12084
Trupe das Calcinhas, 809582809807192084, 12073
ğŸ®Cá´á´á´œÉ´Éªá´…á´€á´…á´‡ - á´…Ê€Éªá´„Ã£á´Ò“Ã© #Â¹Â²áµ, 782760025654296576, 12054
CenÃ¡rio dos Crias, 945008592925380669, 12043
FUTURIUM, 756610469669765266, 12011
HoloWiWi marinaul, 389815290004766720, 11890
Haysen â”€ Republic, 914159864660504636, 11886
Botini ProgramaÃ§Ã£o & FiveM â˜•, 1005624915363385385, 11862
Modern City S.A., 824490213023416320, 11854
DragonPower, 414272866050113536, 11821
Overwatch 2 Brasil, 391040918787981322, 11798
OP RPG, 781182533458853928, 11753
ğŸ¥€ The Family' ğŸ¥€, 688391422088314882, 11728
Comunidade do ZÃ©, 1106990134236291123, 11727
NasaJoga, 801108412456894464, 11713
ãƒ  Lar do Pedrinho ãƒ , 947284126023680000, 11692
Servidor Tevis, 913627870419640380, 11604
Torajo Verso ğŸ ğŸ„, 1053090340044816396, 11600
Networking Brasil, 767220824302026802, 11579
marifpss, 493020565792096257, 11540
Mundo dos Animes - Brasil, 381920827513503755, 11525
Discord dos Bunitos ğŸŒˆ, 693698715549958166, 11485
StarDix, 447833437697474562, 11484
Dose Cheia, 815367682667839518, 11478
BUILD Console | SA, 1041107596721016943, 11445
Festinha do Rodil, 309847070888689667, 11404
Attack Community #20K, 765688504558157835, 11401
â˜… Memorias Eternas | Genshin Impact [BR] â˜…, 831344045871464478, 11373
ğŸ‘‘ Imperial City - Monte Seu ImpÃ©rio {MOBILE/PC}, 1070762572757872720, 11357
Mini World CREATA PortuguÃªsâ›„, 751534674723078174, 11356
Pixelmon Online, 436692867860135949, 11346
BR MODS ğŸ…, 733508645517525092, 11337
Catatau ğŸ…, 763311105434714113, 11321
Estudo Militar | BRASIL, 876641874704744538, 11314
Spelland - Sobrenatural RP, 937410753294651422, 11301
Sidercord ğŸ›¸, 687780538060505145, 11299
Discord do Leo e da Isa, 841176146783502348, 11270
NE:7K, 782948028859285504, 11268
TraduÃ§Ãµes PKG, 796710883316858890, 11233
GustaX Community, 1043689712533123133, 11206
Comunidade DBR, 405835147078795285, 11187
Genshin Impact Brasil, 752582022035275876, 11184
Aprenda Qualquer Coisa, 781881392204087306, 11175
Pobre TambÃ©m Dubla, 598740013621968909, 11096
Rede Dark, 449995737946783759, 11092
Mugiwaras, 736701720800919622, 11075
Discord do CamaleÃ£o, 622226652113534996, 11065
Brkk, 404321680627073025, 11043
RealMU Official, 694723843444441118, 11026
Servidor da Solange, 427197224779513876, 11021
Servidor do ShadowHXD, 479380626156290049, 10991
Universo Hackintosh, 887798875069505587, 10984
Servidor do DarkMelocoton, 653365355544051732, 10984
Pixelmon Brasil, 1008430033536286784, 10971
JEFFAO, 568970806302867486, 10950
Otaku's & Geek's Mania, 853831601422860308, 10933
Escalada ao Ã‰den, 721373386672046117, 10915
ARCADE PVP, 1077082045353836627, 10869
Bistecone, 909832491953696778, 10837
Poka$ Community #10k ğŸŒ´, 581874539789680677, 10807
BELA Vista, 953858238296780830, 10803
.âœ« comfy placeãƒ»*ã€‚, 854543574648225812, 10781
Nerdstone || Servidores de minecraft, 979786369297678346, 10737
Vale Chernobyl ğŸ”ğŸŒˆ ğŸ˜ˆ, 792196038949732382, 10721
VDCDãƒ»VALORANT, 850368657787715624, 10692
MarcÃ£oRX, 562093368939905025, 10572
SKYLINE BRASILÂ®, 996414449143529523, 10538
Digital design - Aceppts, 1000437676610179111, 10525
ğ—ğœğšğ¥ğğ ğ…ğ¢ğ¯ğğŒ #ğŸğŸ“ğŠ, 1030347912561037334, 10481
Bar do Liveira, 1074409184667385916, 10478
Wolfstreet Roleplay #SEASON1ğŸ„, 945898332604207104, 10456
Alta Classe, 938396355930517514, 10390
â†³ InfectionZ ğŸ”¥, 771038676167557120, 10381
IMAGIVERSO, 813405831591886859, 10362
Luarices, 800760414455332924, 10337
MANDRAKA, 793513754489913374, 10328
Super Sus Brasil Oficial, 980073134411644939, 10263
Flutterando, 509072164666867753, 10253
ğŸ® ğŸŒŸ League of Legends Brasil ğŸŒŸ ğŸ®, 421363688486731786, 10199
Militar:Store - GTA:SA, 795699736543887390, 10149
ğŸ’˜ Zona do Amor ğŸ’˜, 1020155691199111259, 10146
CDO, 776923417961824308, 10137
Kafra Portal, 147535432341520385, 10124
ğŸ’•CabarÃ© das Gostosas ÊšÄ­É, 859558365638295572, 10113
twitch.tv/brokenGO, 722209222854705183, 10084
PIU MODS, 901252783762731078, 10076
VitinhoJogaMine, 527700629297299479, 10076
GSH, 656673012094861332, 10073
Hiden Community, 768927947624153098, 10038
Bright, 804226330400522241, 10035
Frota, 740670420998553622, 10015
MEGA, 936697558489780285, 9968
Cold SysteM, 848962192179200031, 9951
Cast City, 864050310677528587, 9933
Ragna4th, 769367468887769089, 9932
Heat Store, 1087849058913226775, 9916
Lynx Wagner, 318224983447044096, 9895
MarqDev 3.0, 715380966595493992, 9887
Crube da Yulla, 713106636797116436, 9863
METROPOLIS, 711240986147291217, 9862
Downtown Roleplay ğŸ©¸ - VEM AÃ, 719396401695686686, 9853
MEUPC.NET, 251100148300513280, 9815
Academia das Lendas, 728479501956415518, 9801
ğŸ‡§ğŸ‡· Blox Fruits Hub #8.5k, 864127482847821835, 9797
PUBG MOBILE BRASIL, 427835148759859210, 9738
Lendas Do Mar Brasil, 350625901429391360, 9738
ğŸ“£ EXP DivulgaÃ§Ãµes ~ Lite, 616734092133793792, 9701
Planeta Novo OFICIAL, 707928546726903879, 9676
UBGE, 194925640888221698, 9662
FAITH7 E-SPORTS ğŸ”° 10K, 1025341096550744075, 9651
Rede Force ğŸ‘», 721775302916702208, 9606
SA:MP Mods City, 633053478528221214, 9584
Apartamento do Moraisâ„¢, 653076109856079896, 9550
ShutDowN | Comunidade, 628784810764140555, 9550
NÃƒO Ã‰ PORQUE ESTOU.., 847644559138619392, 9432
è€… Anti Clubâ€™à¿” ğŸ¥, 961862168448491560, 9422
GRANDE METROPOLE, 900523993499586570, 9394
Among Us Portugal, 753764082259198003, 9383
Comunidade Valorant BR, 708719358704222298, 9382
Bule de RelachÃ¡ da Eeiris, 847467344652664852, 9371
dokecord, 338007115685822466, 9313
amigos do gattin âœ¨, 675759997929652225, 9306
STAY CITY ğŸ¤, 1013169454357696632, 9276
KEILE MEG, 758063370963517510, 9260
Plurall 2Âº Serie, 711903304631844895, 9259
Savage Servidores (CS2 EM BREVE), 343532544559546368, 9249
Cidade Alpha, 948689163425812562, 9247
Bobbacraft | Servidor de Minecraft Survival e Anarquia, 579783430569721876, 9222
Projeto Charmoso FiveM Store, 526560685262503946, 9213
Iron Master, 746451177108930572, 9183
Anime's Days ManutenÃ§Ã£o, 743286609277091981, 9157
P7dro Comunidade, 1042608424166367334, 9152
AteliÃª da Replai, 786664929926316034, 9121
Falon's Nyan, 829697818171015268, 9087
Saint City: Season 3, 843227471598977054, 9086
FÃ¡brica de Noobs, 190158034301878272, 9039
Rede Revo, 793269891557490688, 9037
LiBra / GG, 182044459024908289, 9024
uWaazy Empire, 798438726475841586, 8990
MonsterZ PvE/PvP PC - Chernarus #1 - Maestro Group, 642908198868746240, 8985
Dead by Daylight Brasil, 387358429167222794, 8957
JAGA ğŸ’™, 866675855340863508, 8918
GIFCENTRAL, 1099806110443122739, 8904
KakaBolaMar - #KBM, 415361867557371905, 8877
RedeSGP ğŸ‘‘, 455550237331947542, 8846
2PLAY FTW ROLEPLAY, 806543118975107082, 8839
ğŸŒ´ Palm Roleplay, 977715891968024630, 8822
NeckoLau, 526104986455769138, 8798
BoyGG, 380105784878563335, 8735
Hentaistube.com, 873955354688520282, 8697
ğŸ‡§ğŸ‡· Heroes: Brasil, 980665536750948442, 8683
FiveM Brasil â€¢ Since 2018 #10k, 579020662413459466, 8669
Monster Hunter Brasil, 406431387756003329, 8660
First Academy, 930640527118958612, 8659
SL Benfica | Comunidade, 746845168988061898, 8651
ArkElite PVP, 401066782225596416, 8645
FARLANDS_TEMP: 2ğŸŒ, 801941493563523122, 8640
ã€ğŸ‘‘ã€Roleplay Brasilã€SEASON 1ã€, 933766721410572338, 8631
RPRP, 592751561185296408, 8631
Mulheres em Dados, 874446040386928650, 8582
CollabCod3, 462784660829896714, 8517
â­Stardew Valley BrasilğŸƒ, 389498644090322944, 8517
Mundinho da imKary, 774002962044813333, 8497
MINECRAFT BRASIL, 734171672277418124, 8484
balta.io, 734509390740324403, 8475
Taleon Online, 328238359275241483, 8432
Samp Edits, 809452364779225118, 8425
Corinthians, 933854216269738014, 8421
Shacoringa, 447980328938635264, 8405
PokeVÃ­cio - Pixelmon, 712753132798738503, 8393
EuSouAndroid, 426695858344558593, 8360
Lives PorkinBr, 845387758586953749, 8357
KingLandia ğğ…ğˆğ‚ğˆğ€ğ‹Â®, 448600262148489217, 8350
BATALHA RP, 935307781811089459, 8313
rocketmta.com, 940660578437955614, 8291
CS:GO Brasil, 436516889389301761, 8288
Reino Sobrenaturais, 776528752645111849, 8284
WEBNAMORO ğŸ’œ, 710215816867610654, 8257
Zanfas Cenegal, 486886478526545920, 8248
SAVAGE, 837457713679171584, 8241
Anime United, 216713090518089729, 8217
! : Ë–ğŸ° Decor Ë– World âŸ#8K, 912170179922899036, 8169
Bat Caverna, 957379345935110185, 8159
Dogz1m, 1017578478931025940, 8131
Money Strike ğŸ’¸, 856266070662053928, 8093
Escolinha do Exilado, 1047341407523835975, 8092
Blitz Smurfs âš¡, 844039072616022016, 8084
TIPSPACE, 987087377484894208, 8077
Utopia, 718473407116869683, 8056
armamc.com, 602976995499966465, 8045
WEBINFERNINHO, 1004132225794715788, 7997
Q28a, 825436632278368316, 7979
ARKDEX, 795852164555341824, 7944
Monkey - Fivem Dev 7K, 793484634725548053, 7937
Heaven's Paradise, 1125234022432383037, 7931
STOOMPAY, 688097551446310934, 7918
Bangerz Studios ğŸ¤˜ THE ERAS TOUR, 1132538822211686501, 7867
5PraMeioDia, 727616982341517414, 7836
RANKED ALEMÃƒ ğŸ…ğŸ»ğŸ„, 1015422749738541146, 7817
Berna Cripto ğŸ“º, 831690479140995162, 7809
[EB] ExÃ©rcito Brasileiro - Flithy012, 710172120897814629, 7775
AniColds | Animes & MangÃ¡ BR, 767434953871851601, 7758
Game On Portugal, 818108848492773377, 7737
XP +, 898033224608018454, 7732
SPK, 993208949052559473, 7728
Wesley Dc Oficial, 683522142960353291, 7726
First Fruit ğŸ | #recomeÃ§o, 1000887238361616484, 7715
MoonKase, 795366511560228924, 7703
Horda RPGista, 476968337725980720, 7701
World of Tanks PC | Brasil Oficial, 369210960726196224, 7697
âš¡ãƒ»LIGHT STORE, 1046597660318105660, 7697
BloxGang, 967875995476574278, 7672
Servidor do Pollux, 929108010557661254, 7667
Midas Club, 248243169932607488, 7662
Brasil New Start, 381623944748466188, 7657
Guilda dos Aventureiros, 731011816553054291, 7646
ğ™ğ™•, 545684461388300308, 7639
Comunidade ReaÃ§Ã£o, 554689178336755742, 7628
à­¨à­§, 640241619811172353, 7623
Multiverso RPGista, 646757907920322560, 7614
Desenho Mestre, 763516161589116958, 7598
Geladeira, 611894977089503248, 7590
mattayahu, 317659637308719114, 7575
VovoFPS, 475822031880060958, 7570
Literacia Financeira, 669159454557732864, 7569
JOJOLANDIA, 1014852807104417812, 7539
ğŸŒŠ â€¢ Genshin ImPaimon ! 7k! #BoostUs!, 972611206286286852, 7535
Pudding's Utopia ğŸ®, 524748755208241152, 7488
TDC - TROPA DOS CROCODILOS | MTA:SA & MÃšSICAS, 690012946444845110, 7464
Kyoto Station, 712483090643025932, 7456
PS2 Online HardLevel, 538756064783499265, 7440
DTM NA52 SERVER, 444175945230712851, 7440
MC - MasterCraft, 305483561773826048, 7420
Comunidade de Artistas, 578693724561866763, 7413
Nova Lisboa, 806163408441311253, 7380
DAYZ STALKER - 7K, 949965638707859466, 7379
Hellfire Club, 108534025651515392, 7377
ChorÃ£o RP, 728344139585945641, 7349
Lombrados, 713412026608648272, 7349
LaPromotion, 954749166591025172, 7345
Celinettos, 540109584975527938, 7328
Hyper Scripts - BLACK FRIDAY, 702254190063386645, 7324
Codify, 743482187365613641, 7286
ASTA COMMUNITY 2.0, 923074688652029962, 7254
HavaÃ­ Season 3, 842314904111415337, 7224
Intense Life SA-MP 8GS | GLOBAL, 325710754395455488, 7206
ğŸ”± Brasileiros Vivendo No Stylo, 759938986185326622, 7195
AniPT, 226098389660598273, 7181
Mestre do Networking, 1072588367851687986, 7176
AuthenticGames, 692143246096203879, 7175
Mamilos Club, 293944864893042688, 7157
XD FPS ğŸš€ #8k, 1080278920710078524, 7125
ğŸ’š NexT SysteM #10k, 1094728245540302983, 7121
EstaÃ§Ã£o Brawlhalla, 546924923495383051, 7111
RobloxBR, 683669700890198020, 7096
Midnight Oceanic, 948356599561482270, 7089
Quebrada Shop 2.0 | GTA V MODS, 638129915195293707, 7074
IZZI.gg, 699966429281124352, 7062
BACKUP - JUJUTSU KAISEN BRASIL!, 1133246540044054601, 7051
ClÃ£ do Erbito, 727283393993113740, 7044
FND â„, 664551012429725696, 7036
FacÃ§Ã£o NFX, 104607380603424768, 7027
Play time, 903679271736856626, 6998
Beco dos Degeneradosâ„¢, 847217061959565372, 6996
AspectMania ğŸ”¥, 843966851683581983, 6986
Bando do Heitir, 471825717273821185, 6967
Portuga Academy, 902615124869779476, 6951
Brasil Roleplay Oficial â›„, 884989074799218718, 6931
Rainbow Six BRASIL, 811714596263297034, 6907
Ao infinito e AlÃ©m!, 660965501798711302, 6888
Lost Ark Brasil, 759003907858104350, 6875
Minecraft Brasil, 777889235029852212, 6852
KTS COMMUNITY ğŸŒŠ, 1011210441206288415, 6852
SchoolArt, 844027900545990657, 6846
VNP - Vida No ParanÃ¡ #7k, 907087390181576716, 6839
Uzmi Games, 827352412398420018, 6801
Sabrinoca ğŸ’œ, 683422640425271316, 6787
Lord, 639526380270256158, 6756
INDROIDI, 321451049359638529, 6726
TugaPlace, 1131616130298040451, 6693
TN Corporation, 1049446019257090108, 6686
GalleyRP - Minecraft Roleplay, 960529029528715294, 6669
Union Of Savages, 1148192008087818380, 6653
REDE STORY - Servidor de Minecraft, 593144490307354624, 6650
Infinity Community #7K, 730446040997691493, 6646
Premiere, 897914245704986634, 6607
ğŸ›¸ ZNE Club #7k, 1036968851532955658, 6607
Server Alpha, 967588226929926234, 6593
MetrÃ³pole RoleplayÂ®, 947291558615584798, 6583
facÃ§Ã£o engana gado (+14), 895759165790756935, 6583
SussurroSquad#TIO90K, 900449117212389417, 6567
DaviGamer Play, 912362634299441223, 6527
Nation Resources, 703487972200284290, 6524
KittyMaceta 'ğŸŒª, 825215434978623509, 6517
NovaDAX, 978570033506684950, 6511
F0RSAKEN REALM, 753343344142188675, 6511
OVERCORD, 813479793634836492, 6503
KING'S OF ROLEPLAY ( KGRP ATO 5 ), 805277313234632705, 6502
Plurall 3Âº Serie, 818490188003016736, 6497
MarÃ© Alta RP - Season 1, 696932388462395473, 6484
Brodis do Chratos, 150815841280196610, 6468
ğŸ€ Fiverï¼¸ | Scripts, 870072436299825224, 6458
PokÃ©mon UNITE Brasil (Oficial), 818506621415850025, 6457
Ace Store #10K, 640627456918814721, 6409
SpectroPlayer, 664584572624699392, 6396
RefÃºgio da Fandublagem, 550850490360135687, 6379
#akuralovegang, 1052673053944991854, 6367
Ãguas MÃ¡gicas - Muskito, 869564868058038332, 6361
Geefe, 758473452839108640, 6352
Infinity Classic, 978740722964508692, 6342
Grupo do Slawer, 973740013617569812, 6342
Aoki TV, 494013418961895436, 6342
â¤¹ğŸ„âŒ¯ Animes Nightâ„¢ã€ƒ #7K, 715911059302645802, 6335
New Vibe, 884881188999823420, 6330
ğŸƒ Ah nÃ£o, 604754723530342400, 6324
Autismâ„¢, 366274666941251585, 6306
Servidor do Temchi, 938578543040929833, 6303
FPS: Troca de Tiro, 750064563763806279, 6298
Blox Fruits Comunidade, 823538485717631018, 6297
News N' Roses, 787170886376620032, 6293
Lar do Webnamoro, 754061234994675915, 6291
NOBRE CITY ROLEPLAY | SEASON #6500, 988969288708800603, 6290
South NetworkÂ® #10k, 831298156427083817, 6287
Servidor do Barra ğŸ’, 472173812394360862, 6278
FamÃ­lia Rohsal ğŸ”¥, 536864809879207937, 6266
ğŸ‡ DBD MOBILE - FRATERNITY ğŸ‡, 681973346576891933, 6265
DBC-CHAMPIONS, 378772468405633026, 6258
Gamera & Pompano, 553823031009607685, 6232
PorÃ£o Do Rafoso - Solo Leveling Theme, 390986022982516736, 6215
MaxPalaro, 205446581565128704, 6211
Aqui vocÃª Ã© feliz!, 1007770446072119296, 6207
Cronic, 816294788830855201, 6199
Canal MangaQ ğŸ¦–, 427849416112734208, 6170
Jumentossauro, 485738053663457280, 6167
LMT - Cracks, 1036336193589231748, 6160
RENEGADOS, 795298390622601246, 6150
TEMPEST TEAM, 853753572361240626, 6148
ğŸŒ€ World Of Minecraft - Meidde ğŸŒ€, 704167753069887508, 6098
Odinzada, 712855183604056165, 6097
DIGITAL KINGS ğŸŒ NETWORKING, 1060925534583935037, 6068
DuCortaa #7K, 931668438533959720, 6063
Jonboss TV, 698453268015218758, 6054
Teafe, 669725899502911553, 6052
ğŸ‡§ğŸ‡·ğŸ§¡ Templo da Web'amizade, 582587914785914880, 6047
Blox Empire #7K, 993247549647499285, 6040
MineSky Network, 672661692395814933, 6040
Os Crias RPG, 1000250615051583628, 6040
In your area, 955574896623251546, 6030
Club of Colors | LGBTQIA+, 757444431262515271, 6010
Arcanth Network, 616091934313676803, 6005
Cidade Brook RP, 881668088863547432, 6004
CANTINHO DA GALERA V4, 970310585398988831, 5988
Familia Cookie ğŸª, 887054639432876114, 5984
Servidor Do Bruno Best, 846479916496322630, 5983
Mini Fazenda, 826168701987455016, 5982
The Tavern's Blox Fruits, 937273675110043648, 5966
DR.GAMER, 620225328761143296, 5960
Casa do Win, 1011642354727395368, 5926
Grupo Whisky Brasil, 954745675520831549, 5908
ğŸƒ [EB] ExÃ©rcito Brasileiro, 895548953427341312, 5904
azulodeverso, 1060675462239633498, 5891
omonymouz | Valorant Portugal, 1027300263318519900, 5889
DopeNUIs #7k, 731698717131931658, 5875
LSPDFR BRASIL ğŸ„ğŸ…ğŸ¼, 1120796262216777819, 5870
GANG DO PVP, 859854157136658462, 5853
FLEMYS, 869814804712398879, 5831
Hasen, 1016733396539551874, 5808
Yoshi Gamer, 489461915089895434, 5803
Time Princess PT, 918681150900305950, 5800
BRawzillianCommunity, 729822356746535023, 5800
Menes Suecos, 409614692466819073, 5778
WEB3DEV, 898706705779687435, 5771
Hawk City Â© MTA Ê™á´‡á´›á´€, 670165732163715073, 5755
SeleÃ§Ã£o Portuguesa | SG ğŸ‡µğŸ‡¹, 849966085637144618, 5728
Demuxa, 319964606191632385, 5716
//ğŸ’œW0' Studio ğŸ’œ \\, 811677724250079342, 5711
CR Flamengo, 956003357129076746, 5698
Fechado ( entra na outro discord), 988510196982747157, 5691
Dormir NÃ£o DÃ¡ XP, 778666452819378186, 5661
KazuyaGamesOficialğŸ‘‘, 1046552829722116167, 5652
Servidor do Nando â€¢ ğŸ, 901823146364117044, 5648
Arena Community Â®, 818040569967935489, 5611
Comunidade Oficial ğŸ¥, 887717057758625855, 5603
ğŸ§­Grupo do Lons, 304993194293067777, 5573
Orange Juice, 847518545156112424, 5567
LEV Aspas ğŸŒª, 931720552211705896, 5561
ã€â¤ã€‘FamÃ­lia Do Toddyn, 933726103305089065, 5557
Design Ideal | 6K, 665927990676422684, 5549
Monesy, 959048432172015696, 5543
COMUNIDADE BRASIL #CMBr ğŸ‡§ğŸ‡·, 1053510196602871810, 5542
Leozim Gamers Community, 929420350461190144, 5532
BRUNX, 725467257655787560, 5518
Nuuvem, 363051689659465728, 5517
VeTs, 623204625251827724, 5513
The Project, 439263663837151242, 5503
B2K Development, 558655512741412864, 5499
PKT GAMERS ğŸ‡§ğŸ‡·, 1024803670061236274, 5489
âœ” SERVIDOR DA MAG, 926923109662093313, 5475
Ate breve ğŸš€ - Nix, 1009224289368674315, 5474
ğŸ’š Mix Community, 1033882778275692574, 5468
ğŸ‘‘ Marquinix Store! ğŸ’°#10K, 1032798690441707600, 5459
SUPREME, 900499545287450675, 5427
Leonardo Furtado | Tech Talk | Redes & Telecom, 816449889373651005, 5396
Distrito Skyvitor, 853327010519449600, 5387
r/Brasil ğŸŒˆ, 409519700750630922, 5387
KID - TheKID, 415607849763209216, 5370
TROPA DA QUINZE, 965355931351257129, 5366
BeloTrade - INVESTIMENTOS, 608077100238241793, 5364
DormitÃ³rio da Erza ğŸ’œ, 790756220397944884, 5350
Morro da RAPKHAOS, 845756800384237618, 5346
Kotcka Tweaker Â· Desbloqueie o verdadeiro potencial do seu PC, 918544934603194379, 5337
Impulso Team, 713050127270674442, 5306
iLeo0x Server, 441786491270594561, 5283
ã€ŒğŸ„ã€Igu's Hall #10k, 796079821443825684, 5268
Takeover Garage Drifting Brasil, 1008477374058348667, 5257
Clube dos OtÃ¡rios ğŸ®, 818824591434055681, 5253
Nan, 560595494573703169, 5250
Padaria ğŸ, 748917809995841666, 5248
Phasmophobia Brasil, 760825036616892458, 5241
Viking of South, 405137789949181954, 5234
SimplexÂ®, 713463841534771251, 5226
Familia Jounin ğŸ’™, 828399746951151636, 5213
Comunidade Warframe Brasil, 148763228699230209, 5202
Xbox Brasil, 542850472046755847, 5192
GamePlaysCassi â˜…, 598567071298617354, 5191
ğŸš€ Drops MTA #10K, 895777905337061417, 5166
thomezord, 367413555265404928, 5162
PlaggXz | 500k, 894776626255114330, 5151
Tealz, 1030220740982734898, 5143
DISCORD A VENDA, 766494607658844190, 5142
AtlÃ¢ntico, 1000552731003596892, 5139
TheCatela, 738056765530308618, 5128
Don't Starve Brasil, 250756170296328202, 5120
Blox Space â”ƒ#5k, 1083866155917258923, 5106
Webnamoro ğŸ¤, 1107150248838705245, 5093
Paradigma Education, 816296791162748959, 5092
Naruto Mobile Brasil - Oficial, 953368366385606687, 5083
Poke Fantasy Online, 408040941786497026, 5072
ATC, 257074996873134080, 5072
Liberty TGP - Playland, 930625070995501156, 5060
Z DUBS, 407593596414590976, 5055
Ã‰ o Fim, 973700881868546098, 5052
Naruto Online BR - Oficial, 941012595006124063, 5052
stex, 762799662393589772, 5040
BrasilCraft, 405788483920199681, 5038
Ordem Paranormal Wiki, 770811180323307522, 5037
Work Store! ğŸ”¨, 918333653896011816, 4991
RLBR, 561208699629338648, 4982
Reino do CÃ©u | Animes & mangÃ¡s, 1058525884279177267, 4979
ğŸŒ¹ãƒ»Bronzer Family #5K, 935269199662694461, 4965
CafÃ© do Polvo | UNHIDE School, 628315095075782659, 4960
ARUAN, 444521769085304832, 4957
Discord do Dan, 746631668109934603, 4953
ğ“‚ƒ ğŸŒ™ KNY: New Generationâ„¢, 868986167750717460, 4932
ğŸš˜ Fugas Insanas - MTA, 912346453530247199, 4931
ã‚» Anime's Dark [Em reforma], 830215805216096285, 4924
EA Brasil Apex Legends Mobile, 948822067963363369, 4912
Comunidade da Kosame, 834191314328485889, 4907
Rede Fantasy, 698700679832928337, 4889
TripulaÃ§Ã£o do Reginaldoo, 1057235351556587610, 4889
wasdefy, 343529431845044224, 4886
Canalhas, 1079126331876450355, 4884
SAFADASSO, 803649748581744650, 4868
InsightZ, 576869818980892683, 4863
THEWALKINGZ, 902188883972874310, 4860
BrunÃ³Ã³u's Family | GG, 695269955435888671, 4855
Zero Two Community's #5K, 1095432639189622797, 4854
IST Hub, 759576132227694642, 4848
Overwatch 2 Brasil, 748982412201033821, 4848
Drope Scan, 487352833834876931, 4846
Facinho Smurfs, 705905408119930980, 4845
zJu4nnãƒ„, 905558622401069117, 4830
NoRulesPvP, 942585052724875325, 4828
EstudaFQ - Comunidade de FÃ­sica e QuÃ­mica Prof Marco Pereira, 654400102550732804, 4823
ğŸ€ Bueiro do Rano =, 714812624709091398, 4820
Call of Duty: Mobile Brasil, 630223510253600778, 4813
ğŸ‡§ğŸ‡· Loding Hosting / Community Â©, 709523734872195123, 4803
Servidor do Teequis, 413008835125444619, 4794
Comunidade Flow Games, 1016488236459241482, 4759
DXS SHOP ğŸ’™âœ¨, 1067862703877673084, 4756
Donghua no Sekai, 606129938784845835, 4750
Future empire, 1070695909261840395, 4742
LOUD NAYU, 727213436571877466, 4738
Alcateia â„¢, 665253920209240065, 4730
ğŸ„LIMBOğŸ…, 752957883611742320, 4725
Jun1Nj, 562751043708911618, 4723
NexT Mods Ï #5K, 997940459127185489, 4722
Infinity Studio, 821435814562627585, 4721
caveira community #5k, 902673962583072828, 4712
SouJunior Labs, 759176734460346423, 4706
FamiliaDaComida, 249578285543981057, 4703
ğŸ‘‘WYDBR.COM, 387602427353759745, 4695
Standoff 2 Brasil, 725183714417573939, 4692
â˜• Cafeteria Geek â˜•, 851107851682447360, 4687
Chipart / PapaHardware, 655190434624045062, 4680
ğŸ‘‘A Grande SÃ£o Paulo, 480122179808133137, 4679
â› Rede CraftLife â›, 94235856516153344, 4675
FS Community #5k, 822971853198589972, 4666
ssribeiro, 1058124288210780170, 4665
PSoul, 837924900215324703, 4664
HyaBuxx #5KğŸ‰, 1075870136805888156, 4657
BOITATECH, 304088484228890644, 4644
ExÃ©rcito Brasileiro ğŸ–, 787758877374545931, 4636
ğ™‰ğ™Šğ™ğ™ğ™ƒ ğ™˜ğ™¤ğ™¢ğ™¢ğ™ªğ™£ğ™ğ™©ğ™® #5K, 788480439845126214, 4632
Skyline Store 5k, 665376004117757953, 4632
Celesty ğŸ…ğŸ», 1088529474070511697, 4629
DONA, 776945439442206761, 4628
Discord Misterioso, 815027847789936711, 4612
Sky Community Â®, 1054952514820251708, 4607
Eterium Network, 900879565814104074, 4605
JIScord, 754779971108470996, 4604
Magnus, 875012812299173888, 4599
amigos, 1101386670240174102, 4597
Novel Brasil, 726290600332230686, 4589
The Bitcoin Discord, 791295335279493152, 4585
TOCA DOS MONSTROSğŸ’€, 1022385155169591317, 4578
Î›STRÊ˜FERA, 764292371562496020, 4576
D4rkFrame, 934995345379844138, 4568
ELITE BR (ED), 156936579284205568, 4561
NewWay - Perfect World, 1056032666077630464, 4554
Fall Guys Brasil, 834047549405003777, 4544
twitch.tv/obaiano, 520961262885142528, 4539
JUVENTUDE FUTEBOLISTA br Â®, 1070359117362901032, 4537
DevPT ğŸ‡µğŸ‡¹, 730385704592343083, 4417
Haufen, 605358072801656852, 4221
C.R.I.S. - Ordem Paranormal ğŸŒ¸, 1024034430169395292, 4130
Battlefield Brasil, 405506950562840577, 4108
DuMonster Communityâ„¢ #5K, 908127644376252457, 4080
Ordem Calamidade, 1001492008621318284, 4064
Real Trash #4k, 1060298973274963999, 3825
Sapecos, 943542906785005638, 3805
BRASIL +, 798831629933346865, 3662
Fall Guys BRASIL, 743867536604397649, 3564
ğŸ“£ ~ Fast ~ Divulgue Tudo #4K, 674638476594905121, 3381
MangaHost - Leitor de MangÃ¡s, 335349406964383745, 3326
Mamoball â€¢ LBM, 1060634276376358993, 3286
âœ¨ Servidor do GW ğŸ¯, 867221871091122246, 2996
Dados CrÃ­ticos, 728447419632844811, 2959
ğŸ…¼ğŸ…¶ğŸ†‰ğŸ…²ğŸ†ğŸ…°ğŸ…µğŸ†ƒ, 351893748680097803, 2840
Minecraft Brasil - Server, 1060416382421958706, 2757
BLOCKTEAM, 915658545385582653, 2398
ğ™‚ğ™§ğ™ªğ™¥ğ™¤ ğ™™ğ™–ğ™¨ ğ™ˆğ™šğ™¡ğ™–ğ™£ğ™˜ğ™ğ™–ğ™¨ ğŸ‰#2.4k, 778726691610034197, 2301
â„ ğ—œğ—»ğ—³ğ—¶ğ—»ğ—¶ğ˜ğ˜† ğ—¦ğ˜ğ—¼ğ—¿ğ—² - MTA SA, 1062155292743319562, 2287
Torre do Mago, 713403470551711786, 2234
Audaz, 278353756574187521, 2219
Kamizak packs, 1081766944685969418, 2206
New City Rio de Janeiro Roleplay, 804370589728505916, 2060
Brasil Together [Oficial], 409082308067459161, 1987
GARCIA, 679340961045938207, 1983
Taverna Hearthstone, 337203812093657089, 1945
Mirys, 666473650068783114, 1928
Union - Lab & Botlist, 943650628499013722, 1874
à¼ºğ•³ğ–”ğ–šğ–˜ğ–Š ğ–”ğ–‹ ğ•²ğ–‘ğ–”ğ–—ğ–à¼», 782364208049422368, 1852
Path of Exile Brasil, 281540062368366592, 1836
Strawberry ğŸ·, 817447709119873054, 1813
YOUTUBER'S COMMUNITY, 933704272036651009, 1783
Bjorn Store ğŸª“, 795007115054809128, 1690
MÃ¡fia, 894819668089516072, 1610
Vaca Roxa, 331222714431963136, 1588
ğŸ›One ğiece ğaradise RPğŸ› #1950, 1008488416314400918, 1523
Mundos Elementais, 1126000671519428628, 1466
Teudassâ€™Store [CREDITOS E GIFT CARD], 1084619877047873596, 1439
JUPITER KING E-sportsâ„¢, 894992360205869087, 1377
The Overclock Bakery, 960917624005459999, 1273
ğŸ’«Caderno do DragÃ£o | C.D.Dâ­, 854007898422116362, 1252
Leaf Plugins | Melhor custo-benefÃ­cio do mercado!, 901627752392843296, 1248
PECINHAS SA-MP 2k â˜¯, 1095550345029107765, 1248
á´‡ÊŸá´á´á´€É´Éªá´€, 979744949430018108, 1052
Elysium, 530079686475251712, 1045
