Number,Name,ID
6,fdl,822623795307216965
7,lapk jogos+18,648890542788182036
8,ğŸ”¥ ndc ğŸ”¥,849137097419390996
11,â›” manutenÃ§Ã£o â›”,776097788181086218
12,ğŸ­ãƒ»recompensas grÃ¡tisâ„¢ [new],1092879085677576202
22,reino da seduÃ§Ã£o,974840339288457277
24,finch cuts,1141741351222902874
25,cantinho do lorde,814680968706392095
26,ğŸ‘‘ privÃª #50k,961006433585991680
27,illusion,869669730116599839
31,call of duty brasil: warzone,686751510369140837
33,ğŸ‡§ğŸ‡· warriors: animes | jogos | interaÃ§Ã£o - (2x sonhos!!) ğŸƒ,832368852871938079
34,america,1000563801587974196
52,ã‹› ã‹¡,1080925670475047004
56,btl,805202834475319317
68,â„¢ mansÃ£o das lollys ğŸ­,1050800498346823752
77,â„ãƒ»mystic universe - blox fruits trading #25kãƒ»â„,940477578681122858
78,ğŸ”¥ idp hot ğŸ”¥ #30k,892778230866665472
80,â•²ââ§¹xizzenny famiâ„“y ãƒ„ â§¸â â•±,790938050057732107
82,blox fruits - brasil #19k,1030151475135004794
87,server bom,703360124143796265
90,cats&coffe,806244869722341396
93,otaku supremeâ„¢,693569005444923412
96,legado do hoshizora,905657718671540326
99,zone world brasil,768035333283119114
101,zero communityâ„¢,988251099117006878
111,ğŸ”¥ red ã‚²ãƒ¼ãƒ ,908485617057419285
112,linksbr,954469430564388894
115,galo sniper,818515995530362921
118,animes paradise,872962755538350110
120,etrixâ„¢,768471311831662673
121,animes diariamente,239822350399438849
122,ğ•­ ğ– ğ–Œ ğ•¯ ğ–” ğ–Œ ğ–˜ ğŸ„ğŸ,726927269863358546
123,brunablince,401453243537948682
124,programadores br #15k,755483507698172045
125,ğŸ”¥reino do kaosğŸ”¥,1083139734022402140
126,haysen â”€ republic,914159864660504636
127,torajo verso ğŸ,1053090340044816396
128,original gangster,734979911239860244
129,mundo dos animes - brasil,381920827513503755
130,nitro free,640627456918814721
131,ğŸ¥€ the family' ğŸ¥€,688391422088314882
132,comunidade sea of thieves brasil,806147920369287179
133,carol das plaquinhas,850197487910387723
134,estudo militar | brasil,876641874704744538
135,mugiwaras,736701720800919622
136,servidor da solange,427197224779513876
137,stardix,447833437697474562
138,m2games,343570336987611147
139,otaku world #o recomeÃ§o,906589243575500811
140,santa cruz | loading....,1071986382433693829
141,escalada ao Ã©den,721373386672046117
143,ğŸ˜ˆ idp hot ğŸ˜ˆ,778382480217735168
144,e m p i r e s â„¢,952977503029440593
145,vale chernobyl ğŸ”ğŸŒˆ ğŸ˜ˆ,792196038949732382
146,distrito das amizades #11k,961488048217030696
147,vdcdãƒ»valorant,850368657787715624
148,astolat,642499335858290701
149,r4r1dade's,988463361542983750
150,baby shark,828401170312986694
151,ğŸŒ¸ sapekinha ğŸŒ¸,1049322826479439922
152,ğŸ˜ˆ putaria gifs ç¾ã—ã•,854887732492763177
155,ğŸ’•cabarÃ© das gostosas ÊšÄ­É,859558365638295572
156,[ğ‘ğ]ã€jujutsu full power #11000ã€ğŸŒ™,787761831212220466
157,â˜•ãƒ»coffe place,747304322248999013
158,high5 club,412169234492293130
159,frota #10k,740670420998553622
160,ğŸ“£ exp divulgaÃ§Ãµes ~ lite,616734092133793792
162,anime's days manutenÃ§Ã£o,743286609277091981
163,è€… anti clubâ€™à¿” ğŸ¥,961862168448491560
164,gifs,704035228452257854
166,cidade alpha,948689163425812562
167,enifler,626945843416530944
168,networking brasil,767220824302026802
171,asyllum,989658747603398717
180,neem#100k,642579646814093332
182,shyfur femboys ğŸ¦Š,1044244361262682212
183,â­stardew valley brasilğŸƒ,389498644090322944
185,corinthians,933854216269738014
187,guilda dos aventureiros,731011816553054291
189,bat caverna,957379345935110185
190,brasil packs #10k ğŸ”¥,891651427003400222
191,migramos olhe o chat!,812023633677385748
192,! : Ë–ğŸ° decor Ë– world âŸ#8k,912170179922899036
193,r.i.p hardcore,548144067167387678
194,carioca gifs - #10k,983802545292071002
195,the ghost,916375675718488094
197,ğŸ„mangÃ¡ easy #30k ğŸ„,867833103513550850
203,âš¡ãƒ»light store,1046597660318105660
209,dysterra,708499148957024299
211,eterna fgc,369857969875320832
213,lapromotion,954749166591025172
218,ğŸ”¥ â”‚ underworld,661039080288550961
229,ao infinito e alÃ©m!,660965501798711302
237,union of savages,1148192008087818380
255,gifzada: emojis,776916278060908585
271,the playboy's,749034611845234810
272,ğŸš€ drops mta #10k,895777905337061417
273,ğŸ˜ˆwebs cityğŸ”,1001961929188843552
274,brasil new start,381623944748466188
275,moonkase,795366511560228924
276,poketop!,744348727971676161
277,life style ğŸ…,622543002358906920
278,[bsr 4] central das fugas #6k,936069152181997579
279,aimfovtrem,874150562516598785
280,cr flamengo,956003357129076746
281,å‹night empireãƒ»ğŸŒ™,478584861532225546
282,estu,854915204902420540
283,servidor oficial do house of games,378676987134345226
284,ï½ï½‰ï½„ï½ï½‰ï½‡ï½ˆï½” ãƒ•ãƒ­ãƒ¼ãƒ†ã‚£ãƒ³ã‚°,462106987673419776
285,galera foqd,340299065495388160
286,back street,903872901797793852
287,thomefn,711919786065395745
288,locking,776128738256879646
289,the project,439263663837151242
290,sub,831662059326275597
291,em construÃ§Ã£o,853653125391056896
292,mundo mÃ­stico,1059407066613174282
293,geek hub,727658536363884674
294,xnation,845626304064782337
295,dayz apocalypse,963345674424946738
296,white stock #5k,1023661918042456086
297,padaria ğŸ,748917809995841666
298,clube dos otÃ¡rios ğŸ®,818824591434055681
299,ğŸ”¯club succubusğŸ”¯â„¢,910532180894154782
300,communyt hotğŸ”¥,1106015278250328146
301,simplexÂ®,713463841534771251
302,xbox brasil,542850472046755847
303,servidor morto (picasso),844504437992062997
304,tropa do dih ğŸ„,614127768468324412
305,ğŸ‘‘ judsonzinho âœ”,648676361468379177
306,golden bros brasil,914175876587986994
307,tinder hotğŸ”¥,838204838482673694
308,plaggxz | 500k,894776626255114330
309,webnamoro ğŸ¤,1107150248838705245
310,the kong studio ot,853766114219261962
312,å‹'friends da baixinhaãƒ»ğŸ‘‘,702695994927611925
313,Ã© o fim,973700881868546098
314,z dubs,407593596414590976
315,mini city [rp],713473586882412676
316,cs:go brasil,436516889389301761
317,lar das garotinhas,1064933874615988335
318,sky masters #5k,764206630337511475
319,cantinho da amorinhağŸ”¥,1052028285313368115
320,dead by daylight brasil,387358429167222794
321,ğŸ˜ˆ hell club ğŸ”¥,1130580096428802301
322,ğ™‚ğ™–ğ™¢ğ™šğ™§ğ™¨ ğ™¤ğ™› ğ™€ğ™£ğ™©ğ™ğ™©ğ™®,434497014827319307
323,animeâ€™s space,977537725278330882
324,kakÃ¡sampx community,918838209323073566
325,ğ“‚ƒ ğŸŒ™ kny: new generationâ„¢,868986167750717460
326,w3 research,687026889646407752
327,zeromancada,673978453694873660
328,five m free skin #8k,828126845492658217
329,amigos,1101386670240174102
330,jrm e-sports,776440303895707699
331,ğŸŒ‡ bloxcity #5000,850470040636751902
332,â˜• cafeteria geek â˜•,851107851682447360
333,ğ•®ğ–†ğ–“ğ–™ğ–ğ–“ğ–ğ–” ğ–‹ğ–Šğ–‘ğ–ğ–Ÿ ğ•®ğ–”ğ–“ğ–‹ğ–ğ–†ğŸ˜³ğŸ‘‰ğŸ‘ˆ,886080678846947410
335,daddy issuesâ„¢â˜•,876974813606998026
336,mugiwara's comunitty,1050604411270987836
337,sex hot ğŸ”¥,1116409081675128903
338,fs community #5k,822971853198589972
339,insta: @beccadasilva_,904961002095906876
340,juventude futebolista br Â®,1070359117362901032
341,thomas community,505372649959063552
342,novel brasil,726290600332230686
343,ğ–¦ğ–®ğ–£'ğ—Œ âš¡,879741128071598120
344,df scrims | sa,887191020566085673
345,ğŸ¥š blox boosts ğŸ¥š,859921942177251378
346,renatinha,774392261857116171
347,aqua reversed,815380395334828032
348,game company [âœ],514586129878482948
349,âœ¨discÃ³rdia totalâœ¨,733109098253385750
350,ğŸŠbergamotanosğŸŠ,451847193826164758
351,cantinho dos artistas,842796655875325982
352,[rework]ã€ŒğŸŒŸã€star pieceâ„¢ã€ŒğŸŒŸã€,848976407659806730
353,lost,733217498903740490
354,divulgaÃ§Ã£o & elite ~ ğŸ“£,993868478731800737
355,ğŸ­universo gifs ğŸ–¤,849291802997555231
356,ğŸ„comunidade do zullux ğŸ„,835879577595150406
357,malibu rp,425554758468763650
358,starsfamilyâ„¢ ğŸ©¸,1006703572601294888
359,âjust deliciousâ,848039381662957609
360,é›¶ depressivos por mulherğŸ­,816685319910719508
361,ğŸŒŒ Ã©denâœ¨,779767816965980222
362,limitless community | 4k ğŸ‡§ğŸ‡·,1047661004714160138
363,spartangamer oficial,509746444333481985
365,ğŸ“£ divulgue aqui | sln,688409928473378931
366,cabarÃ© das lollys lite,994659860442533949
367,mad world,887762509434609664
368,thatskygamebrasil,603720312911167622
369,botcord,795750949401919518
370,tropa do floyd #5k,840447904019775498
371,bğŸ…°n1d0s,941508293610840084
372,cdo,776923417961824308
373,duzzk,834262865791811624
374,comunidade de mta/samp,947933056503795793
375,ordo aureus,903709811680632832
376,âœ“ free games nft comunidade Â®,901660641796952085
377,mynimes,790823719282671627
378,cod warzone ii brasil,1046628963704905728
379,brenin rj7,928328007867830303
380,cidade real | roleplay,818852937031614484
381,ğŸªï¹’kingdom dark,966332407085154335
382,tsundoku,697958499589554217
383,mm2 farming brasil,1080828700506996776
384,evolusty partner #2,661765576217198602
385,- Í€Ì—ã€ğŸŒŸâ”‡Î¾ sÊœÉªÉ´á´Ê™Éª sá´›Ê€Éªá´‹á´‡Ê€ [Ê€á´˜] | ğŸŒŸ #4k Î¾,695366422775332905
386,juju,853235354467696690
387,leveling love #5k ãƒ,1030609944736714863
388,fleep pyro brasil ğŸ‡§ğŸ‡· #5k. - jogos,1013818119078285333
389,ordem calamidade,1001492008621318284
1161,migramos,962141062103695380
391,rlbr,561208699629338648
392,! hydra bot!,747420727908630658
393,canal tchukine,788622115099377704
394,cafÃ© literÃ¡rio â˜•,720399655036518401
395,ğ—ºğ—®ğ—¿ğ—¶ğ—²ğ—¹ğ—¹ğ—®â€™ğ˜€ ğ—´ğ—®ğ—¿ğ—±ğ—²ğ—»ğŸŒ· åº­åœ’..â™¡,712381067096621107
396,hostza,1059218949184688158
397,unis da estela (â—'â—¡'â—),741763372634210355
398,gta v online,863633458579898379
399,ğŸ‘¿ only ğŸ‘¿,718640091408498808
400,ğŸŒ· â—Ÿsweet shop ! â¸â¸,768833272049303594
401,hentaizero,464642820494458901
402,mercury - hentai,853399538851905547
403,webnamoro & trakinagens #4k,845488507542962177
404,lendzâ„¢ ğŸŒ,764888495885516830
405,trixie's,895478604429922304
406,nugranisasqwweq,829386623858900993
407,for you â‚ŠËš,856873114926972929
408,rangers of legends [br],389953863446429719
409,ğŸ¥€ sad nights â˜ª,721872107797086208
410,royal_rpg,1012911318312964127
411,tg community,884063022103019570
412,ğŸ‘‘wydbr.com ğŸ‘‘,387602427353759745
413,cucco productions server,671693369067569159
414,ğŸ˜ˆğŸ”sxpornğŸ”ğŸ˜ˆ 3k,914174589884583936
415,impÃ©rio panda nerd,671448984958795777
416,midnight,695694148984111164
417,anarquia.xyz,669200008888844308
418,dream community,629698263070801921
419,cyb&r$t0rm,1105889680295198731
420,midnight dreams!,876957594797891614
421,famÃ­lia sky,858090735894265866
422,h o w l i n g a b y s s,410485105367318538
423,oyasumi ä¼‘,422115563167547404
424,filosofia uhum uhum,868198343883505704
425,furry discord portuguÃªs,231193277842325504
426,goma do gl,731314525462069408
427,ğŸŒ» sunflower palace ğŸŒ»,851092248808652822
428,mcpe games,723694368036356160
429,tami ãƒ¡ãƒ–,724373830671532164
430,impÃ©rio ğŸ‘‘ nebulosa,755255029715435630
431,à§â›©ê’±ï¸°kimetsu revolution à©­,878384053143887922
432,m'amados do vovis â™¥,316040253343531008
433,pelÃ© neymar,930342761499066388
434,212 ğŸ‘‘,810942902774792252
435,migramos ğŸ’ weebs in heaven,418905476281925633
436,favela de otakus,881628723378524160
437,bng - br nem Ã© gente,549749254957039617
438,pokemon city #3k,857698127326347266
439,famÃ­lia dos cenouros,540197936034742277
440,[erp] dystopia,850569904755048488
441,sophia elementaris hub ğŸš€,712371103686983711
442,bisnaguito,1072378040237174854
443,x-mediağŸ”¥,1023388024979062890
444,ulivre,866378348368625704
445,bvr pixelmon,822700911600205835
446,olimpo + 18,755259443196854285
447,ğŸ˜ˆ privacity ç†±ã„,664154878620336139
448,wp,260119800947277824
450,famÃ­lia das frutas #3k ğŸ”¥ğŸ”¥,1015647952359923752
451,fall guys brasil,743867536604397649
452,comunidade de ea fc 24,785616187753103370
453,ğ’¶deptusï¹’xmas,922298842509115413
454,comunidade brasil #cmbr ğŸ‡§ğŸ‡·,1053510196602871810
455,genshin palaceâ„¢,1043732084532969502
456,barcelona roleplay,1005277207435956254
457,æ„› anime's heavenly #3.5k,966109396260241458
458,ğŸš€a terceira rocha,741792082087116960
459,cyber hotel ğ“†©â˜¾ğ“†ª #5k,1038906741724823652
460,porÃ£o night clubğŸ° - discord,845040142384758794
461,web churras e amigos ğŸ„ğŸ„ #4k,863550522967195669
462,mansÃ£o dos mil dados,670407327136088064
463,nÃ£o Ã© porque estou..,847644559138619392
464,jovenz,785850220479119381
465,vulcan 3.3k,410158562929803275
466,divulgue agora!,759182169830195293
467,dayz nemesis online,616765729613807622
468,å®¶ nekrin house ğŸ¡,325391902679498752
469,comunidade conecta,862474064684515379
470,impÃ©rio da evelynn,975808754023022632
471,anovaera ğŸ•ŠğŸ©¸.,857660806464012298
472,ğ—¦ğ—µğ—¶ğ˜ğ—½ğ—¼ğ˜€ğ˜ğ—²ğ—¿ğ˜€ ğ—±ğ—² ğ—£ğ—¹ğ—®ğ—»ğ˜Ã£ğ—¼ #ğŸ¯ğ—¸,934897566791925831
473,oh muiÃ© que ta lendo entra no sv (precisamos de mais muiÃ© nos ajude socorro help),762475236095819796
474,ğŸ§™ğŸ¼ mfa ğŸ§™ğŸ¼,345228948915093506
475,kakarotto ff #1m,811703494004047932
476,ğŸ“£ ~ fast ~ divulgue tudo #4k,674638476594905121
478,trades de rocket league pt & br,1057436648549392455
479,alfamu,637350833373315073
480,artists and singers,681958246243893366
481,ã€–rpgã€—demon slayer night vision #3.5k,873215664553361478
482,ê’°ğŸ‘»multiverse rp - era clÃ¡ssicaâ‚ŠËšà¹‘,881347131988934706
483,on fire,670467473925210133
484,eternal destiny æ°¸æ’ #3.5k,1054818599296041080
485,ğŸ® jogos e algo+,886395969015517244
486,doom project,1021611772169420820
487,humble pixelmon,828452183662002196
489,gamers brawl,887137495433768970
490,servidor do igor comics,844698004195508274
491,ğŸ“¢ ads divulgaÃ§Ãµes,902223204523843614
492,daynot 404,326111847327465483
493,ğŸ’¸ğŸ‘‘ | star rewards #4k,912007946769137665
494,gravity scans,348906060905447424
495,ğŸ‰ luhsetraoficial,785617549018660895
496,femboys traps e trans brasil,692275832835538966
497,toca do gato ğŸ±,809216673802354688
498,webstore #35k,920148299913265213
499,ä¹ˆ' á´›Êœá´‡ãƒ»á´‡á´á´˜ÉªÊ€á´‡,708023754315268247
500,ğŸŒ¹ãƒ»bronzer family #5k,935269199662694461
501,cafeteria expresso,466439635099320350
502,planeta furry,481659634701303838
503,no cap,859442271908266034
504,caramelo club,905607978323935232
505,porÃ£o dos packs ğŸ”¥,1077702983212605530
506,ecchi aru,387777240601198593
507,tts brasil,102854754450804736
508,ğ–‡ğ–ğ–‘ğ–†ğ–‰ğ–†,899500078300012544
509,em reforma...,896888719443906580
510,impÃ©rio do bh,940378660563742861
511,ley,925870840636145744
512,gojo studioã€¢feliz natal,1057459974936199208
513,cantinhoğŸ‘»,712768753288609904
514,o maid cafe,559775262758141953
515,bar do zÃ©,808877381754028062
516,- Í€Ì—ã€ğŸŒŸâ”‡Î¾ shinobi strikers (naruto/boruto rpg) | ğŸŒŸ,928152019242471486
517,incandescent society,537720226515779587
518,nsfw show ğŸ”,1038578399943331930
519,pokÃ©server brasil,758827309485785118
520,universo da mika,424245949502849034
521,infinityğŸ„,904794791605325825
522,ğŸ€ å¸Œ liga da conexÃ£o â¤,1044760954375770243
523,stumble guys brasil,942864108125036544
524,clube da escrita,906328143852359724
525,ã€Œ doomsdayy ã€,977273330283450478
527,family ofredizin,687835311966912549
528,Ã  venda,752279850588570160
529,ğŸŒ™ discÃ³rdia - animes & games,751511945227665418
530,porÃ£o do panda,900384820004274206
531,otakus e descolados 4k,876624133276987402
532,spk store #3k,1080323197414686770
533,shittposti,862385790213160960
535,cenolts,829763675111948339
536,rdg gifs,1061789465686843512
537,impÃ©rio fujin,701252862713397349
538,poeira cÃ³smica ğŸš€,463385509717082113
541,moon robux community #4k,1050164505683959848
542,ğŸ±- | â€¢ pokediversion - park â€¢ |,676131465980936197
543,ğŸ¨sisters' apartmentÂ©,706934766410399756
544,the anime's house (em manutenÃ§Ã£o),998413816687759361
545,horizon season 3 ğŸ”¹,762760080285761566
546,ğŸ”¥orangeknight08ğŸŠ,799074690479816716
547,blox market,1153074787829162027
548,between z | brasil,614164208216440872
549,boitatech,304088484228890644
550,tempest pirates #3k,901290970941902889
551,lust,983318822087962665
552,vejam o avisos do server,811129896935620649
553,ğŸ‰ complexo da web #4k ğŸ‰,919085928448925736
554,tft br,976315913328529419
555,ğŸªâ€Š space store,1067991095444779020
556,femboy's lovers,978064955792326668
557,dznine lindo,811979420004122644
558,ilha do prazer Â âµâ°áµ,1167074404740632676
559,ğ‘ğğğ ğ¬ğ¢ğ ğ¦ğš,1092216052844343367
560,famÃ­lia bloodlineâ„¢,879721563098845216
561,kituo ğŸŒºâ™¡,1065432748166234134
562,animes & cats,1051309337181696070
563,geass gaming,796023663065432076
564,o mundo dos sÃ¡bios,1095763908670791741
566,divulgadoresÂ®,731931731329941546
567,cafeteria da bia â˜•,744280020293386281
568,aninha nudes ğŸ”¥,863491212270108733
569,ğŸ® facÃ§Ã£o dos gamers ğŸ®,818176826303184897
570,cafeteria do love,813341617531519046
573,ttk,807058424109203487
575,ä¹ â€¢ last night ğŸŒ™ | webamizade e interaÃ§Ã£o 2x sonhos,1049013836092542987
576,universo 404,451474558789222430
577,â‚ª robux grÃ¡tis #10k,881893423521595412
578,reverse store,742920940043763723
581,â›© cantinho dos idiotas â›©,900523683687329792
582,load comics,735287793000906854
591,hype #3kğŸ‘‘,1033947789572440144
592,blox demon #3k,1071641866195439616
595,societyx ğŸ„,959243589085462578
596,marketing brasil,1038957286762229850
599,ğŸ† Â©emerald roleplay {pc/android} #4000,841783273969418250
600,sa:mp mods,903347421449424919
601,â˜€summer zone,915024361843478538
602,ultra anime's - migramos,898391245611749427
603,iniciativa hentÃ£o,1017549925011181672
605,the plazza brasil,717696118640607265
610,gaming accounts,1063440608192118836
616,teen wolf ğŸš€ 4v4 #10k,906982491632595026
619,ğ™¿ğšğ™¾ğ™¹ğ™´ğ™²ğšƒ ğš‡ ğšƒğ™´ğ™°ğ™¼,790712394271424523
621,em manutenÃ§Ã£o | Ã¡guia roleplay,798896808733966336
622,jardim,806574806447292448
625,pjl shop #3k,853867342949515315
626,pda #3kÊ°áµ’áµ—,1131163131058601987
629,mobrekiâ€s,844087473558650940
630,shit hub,940687628494315520
637,âš¡tns communityâš¡,1038267762163859526
638,dz 3,823995558342688778
643,portal mkg,906997132710527036
646,riot accounts-valorant,904500220983930891
649,â¤ğŸ’™ á‘­ett e á—°imi | áµ’á¶ á¶œâ€¢,523109593186828298
654,schemaposse,1085407352188043304
664,diskus comics,755927157951430786
669,â„ paraÃ­so otaku ğŸ„,724581800709718037
682,genius machine (desativado),764669183660130345
684,fabio store,1080263739468697680
685,provedora universal hosting - qualidade + seguranÃ§a,736669987783180349
688,errejota,1057157257307111504
694,É¢á´€Ê™Ê€Éªá´‡ÊŸ ÊŸÉªá´á´€ sá´›á´Ê€á´‡,1096478870137491456
697,migramosğŸŒ¸,886653804475473940
699,â˜• cafeteria do biel,1043274767102398555
700,ğ–¤bitterğŸ«€promised,720394519656530070
701,a taverna | erp,912766643728429096
702,chama no link,692769195779293244
703,ğŸ”¥ ğŸº Î´ Ò Å§ ğŸº ğŸ”¥,1106826932043124796
704,raioserver - rpg ğŸ²,1018957634314973194
705,magic: the gathering arena brasil,442069830388940822
706,syxes â–¶,1059617133920788520
708,irmÃ£s a obra sem obra,998954939105681528
709,perdidos no discordÂ®,1007033715970543710
710,artistas ğŸ¨,357954264733188118
711,3 convites = 50$ gift card,729470695880261712
712,duvale,1157553941723217960
714,vo cutuca seu boga,942245856449556571
715,new world sa,1016362568631197746
716,psx central,904803959083004004
717,pinwheel,861313067291115541
718,casinha,759170962691981333
719,ğ˜¾ğ™¤ğ™¢ğ™ªğ™£ğ™ğ™™ğ™–ğ™™ğ™š ğ™™ğ™– ğ™€ğ™£ğ™©ğ™ğ™™ğ™–ğ™™ğ™š,917812144513380402
720,fenix hype 2.0 - rp | samp,826488634618282014
721,fofos city,765240194643001355
722,seoul roleplay,902004937687445514
723,ğŸ’¢ğ’destrua-se robloxğ’Œ‹ğ’Œ‹ğ’Œ‹ğŸ’€,793123281473372200
725,ğŸ” pattizinha.santos ğŸ”¥,1075015167286452264
726,serv ' i n z ğŸš€,920556888079360041
727,czarskistÃ£o,1048416560257183785
728,leao developer,983404983489822780
729,zzz,461730594662121472
730,zona dos amigos | #2k - discord official Â©,345619225869811713
731,ãŠ™ dark night ğŸŒ™ ã‚ | impÃ©rio night.,705252710613778432
732,ğŸ„á”•á•¼á—©Ã°ã€‡á—¯ á—¯ã€‡á–‡á’ªÃ°ğŸ„,793410942045913139
733,ğŸ¥¨ | divulgaÃ§Ã£o rp/rpg,652180309076475904
734,ğŸ”¥mago packs #2k,916093825729048627
736,rpg hub,838238731474829322
737,script kiddies' #tka,1086424970281893999
738,web love 4.0,919725340069335081
739,mine city,983129441146396723
741,æˆŠ'lost lineageãƒ»ğŸŒ™,1019040259872399420
742,ğŸ‡³ğŸ‡± 4v4 da holanda ğŸ‡³ğŸ‡±,883909647449325588
743,conexÃ£o host - fechada temporariamente,690429090229911613
744,zÌ¶eÌ¶â™sÌ¶ãŠ­tÌ·eÌ·aÌ·mÌ·,664261199210217503
745,cantinho do prazer áƒ¦ 3k,1048718852873257134
746,universo paralelo,812926553276416020
747,ã€Œ ğŸ”¥ ã€ğ•Šğ•™ğ•šğ•Ÿğ• ğ•“ğ•š ğ•Šğ•¡ğ•šğ•£ğ•šğ•¥ â”Š#2200,800045316086824961
749,ğ·ğ‘ğ‘Ÿğ‘˜ ğ‘…ğ‘œğ‘œğ‘š,1058755305422458910
750,ğŸ§¬ umbrella corporation,938142298754154596
751,â˜ªoÆ­aÆ™usâ™¤ÆˆriÉ²É É›sâ˜ª #5k,809507759485222954
752,sâœ¨k,1064406899824537691
753,central dos games,872197692816773140
754,migramos!,954457249840005192
755,patricinhas,934298141426085949
758,faixa de gaza roleplay,867877883870314547
759,randolÃ¢ndia,1018710710827618394
760,minacci Â©,1004715274324430849
761,techmmunity,784050272263471145
762,â™° gangue 69 â™°,765629163671257099
763,elite guardians,366841894031851525
765,1upsmash - smash bros. brasil,115596871996538884
768,novo impÃ©rio,888168535929532526
770,sexo,760566565501534238
772,allcenter network,693888384262995980
773,ğŸ‘‘ bdr ğŸ‘‘,937704332122525846
774,macrebs,889320497244962826
775,delph's loungue,1107055120132362361
776,ğŸŒº school of yumaru [rp],1013844079047618652
778,boteco das puta,1151207811980730460
779,cafÃ© da amanda,757289521816666252
780,ğŸ’» cpu | discord,703034748666380288
785,ğ‘ªğ‘¯ğ‘¨ğ‘» ğ‘«ğ‘¬ğ‘ºğ‘¨ğ‘©ğ‘¨ğ‘­ğ‘¶,737811865782059039
787,taverna do pÃ´nei demonÃ­aco,641101787071250432
789,servidor dos cracudos,795451218209669152
793,â˜„ .Â°â€¢ï¾Ÿï½¥ ğ·ğ‘Ÿğ‘’ğ‘’ğ‘šğ‘¦ ğ¶â„ğ‘ğ‘šğ‘ğ‘–ğ‘œğ‘›ğ‘  ğ‘…ğ‘œğ‘™ğ‘’ğ‘ğ‘™ğ‘ğ‘¦ ï½¥ï¾Ÿâ€¢Â°. â˜„,981273594963300382
800,sky community,1138179992904286270
806,aleatÃ³rios ğŸ§™,893283271092350976
810,bh store,1027747206977036371
812,mercadÃ£o | pxg | gla | otp | rots | nto,902225844125192203
813,medley ğŸŒÂ®,815450434289532928
814,ğŸ¬ãƒ»hospÃ­cio,807012191903416371
817,ğ™•ğ™¤ğ™¤ğ™¢ - ğ™ğ™®ğ™¨ğ™©ğ™šğ™¢ | #2k,1098014702216421489
818,à±¨ğŸ–Œá°‹ï¹’Ä±lÄ± ã€‚ğ†aráƒ«á¥±á¥’ ğ–¦¹ğ–¿ ğ„ğ—ê«€rá¥’á°»ğ—y ï¸¶ê’¦ï¹•#2k...,1078557527253467197
819,ğ˜ğ˜ğ˜ğ˜›ğ˜Œ ğ˜ğ˜–ğ˜“ğ˜ ğŸ”±ğŸº #2k,1036782636888248320
820,cantinho do tonardo,955592856058331156
821,eterna alpha sports ğŸ’”,923732342001000468
822,/fazendinha,955142121113911356
825,ã€Šâ›©ã€‹ğ‘¶ğ’Œğ’‚ğ’šğ’‚'ğ’” ğ‘¨ğ’„ğ’‚ğ’…ğ’†ğ’ğ’š: ğ‘¹ğ‘·,982660051326107699
827,reinado dos estudiosos ğŸ‘‘,798055780204544052
835,ğŸŒ  cometa charlotte æ˜Ÿ (servidor fechado),910537243763044382
836,vegas,1172228418985791488
839,rdw ğŸ§¸,1000491573596917850
843,kombopvp.net | prison & kitpvp & survival,1126126208082513970
844,mundo do sexo,1060285491729158286
847,sweet kingdom#3k,785085720725159936
849,farm de lol tft fortnite & overwatch,755201015799873586
854,å®®æ®¿ virtual palace #25k,999038656885043201
855,amex company,997264568206241802
856,r/transbr,904056418141864016
857,ğ‘³ğ’• ğ‘¼ğ’ğ’Šğ’—ğ’†ğ’“ğ’”ğ’‚ğ’ ğŸŒœ #2k,1158496786810413117
858,like roleplay,538833929650831371
859,uwu,920115318582571050
860,uniÃ£o network - #2k,1101480181107015770
861,bee swarm simulator (br/pt),729878767492661308
863,ğ™°ğš—ğšŠğš›ğšŒğš‘ğš¢,881716928140439582
864,friends apartment,712408294387351603
867,reino dos budÃ©gas,759600607153094726
871,sus,670951384555716638
873,ğ™ğ™¡ğ™ªğ™­ğ™­ğ™’ğ™–ğ™«ğ™š,719723760697213019
877,guilda dos aventureiros - rpg,805249833505783818
878,resetando [rp] shingeki no kyojin,772404960267599892
880,"masaki ãƒã‚µã‚­""",749501706076946432
881,ex-machinist club,1044358952760127518
886,king communityğŸ‘‘,1059597056999702668
887,ganrond :d,713243764277248030
889,ğŸ† â€¢ cafÃ© das 69â„¢,839147948238569555
891,è°·áŸ¸áŸ¸ cafeteriaâ„¢ â˜•,790941511914618930
893,sea storeğŸ¬#1k,1098461380358713416
894,blox fruits â€¢ br,963832363270438982
895,balaclava #2k,879850644708655164
896,litha,788223086994522143
899,ğŸ‘¹à­¨ãƒ»ê’°ğ˜ğ˜³ğ˜¢ğ˜¯ğ˜¥ ğ˜—ğ˜ªğ˜¦ğ˜¤ğ˜¦ ğ˜™ğ˜±â„¢ê’±ãƒ»ãƒ½ã‚™â€§â‚Š,932011416242782208
905,gang mamacolouco,872057471492034560
906,ğ‚ğšğ«ğ¢ğ¨ğœğš ğ‘ğ¨ğ¥ğğ©ğ¥ğšğ²,965454335830024323
908,ğŸ‡§ğŸ‡· crossing & coffee â˜•,953320294595063828
909,castle store,593967101090201611
911,é ¹ gods of paradiseâ„¢,619353359169748992
912,ğŸ¨ united artists | ua off,801870869428961350
914,blacked brasil,1088939355302809600
918,pokÃ©star #1.8k,922951836649021501
920,vÃ¸dka,847216162445983774
922,venix store - oficial #2k,964569263593631764
933,ğ™ˆğ™–ğ™˜ğ™§ğ™¤ğ™“,1103122448897019958
934,ğŸ‚â†³ shinobi war â€” naruto medieval ã‚ 1.3 è´§â‚Š,949456184719601664
936,willard carroll smith jr.,761892254519918592
938,ğ‘¬ğ’ğ’…ğ‘³ğ’†ğ’”ğ’” ğ‘¾ğ’‚ğ’“ #2k,925128909387862036
939,mundo dos gatos #2000,1095037438197502012
941,party animals brasil,1035937126015058040
950,å¤©å›½ celestial heaven,1060211628404113618
951,otaku f*dido,957757847968555018
954,ğŸ† santarÃ©mğŸ†,819468920682446868
957,â˜• tripulaÃ§Ã£o do cafÃ© #15k,972284486186328134
958,starbuxx #2k,1069454503897726976
962,hospÃ­cio family,965231796738478160
963,brzinsp_oficial #2k,427137392319922186
964,â˜…å½¡ [rp] ğ—ğ—»ğ˜† ğ—Ÿğ˜‚ğ—® ğ—–ğ—®ğ—¿ğ—ºğ—²ğ˜€ğ—¶ğ—º ğŸŒ•å½¡â˜… gen 5 2.0,1062127067342307438
965,impÃ©rio do taki | ğŸ‘‘,833167070153670726
970,'777 ğŸŒ¹,768981769973661696
972,cdp [what to do?],868485747144003634
976,t1zzo store,797585630275043360
978,draconic hunters,887547540004814939
979,nwg - new genesis,1033109596157530163
980,wave-x â€¢ clan || sgâ„¢,936152181730598953
982,paquera namoro amizade paqueras namorar amizades relacionamento relacionamentos - altair kusanagi br,935634114197999636
983,music,765017419508219914
986,kz communityğŸ„#2k,1145093212353089559
992,pornozÃ£o +18,1040241970829860925
994,porÃ£o da weeb â„â˜ƒ,841459210369105972
995,100 naÃ°a,1087000622743687290
996,ğŸ‘‘ï¹ğ‘ğğšğ¥ ğğ¢ğğœğ : ğ‹ğ¨ğ¬ğ­ ğ“ğ«ğğšğ¬ğ®ğ«ğï¹—,1083572045226455121
999,pouco provÃ¡vel,972180602189152326
1001,iá¥´á¥± crá¥±á¥²ê§‘,784537732059758642
1002,âœâ‚Šê’°â­ê’± â€¢ ğ˜½ğ™£ğ™ğ™– â€¢ ğ™„ğ™£ğ™™ğ™ğ™«ğ™ğ™™ğ™ªğ™–ğ™¡ ğ™’ğ™¤ğ™§ğ™¡ğ™™ Ëšâ‚Š,964247348463173652
1003,familia devilâ„¢ ğŸ˜ˆ,957648378358034452
1004,á±–ğŸª genshin worldâ­’â—à£ª ğ“ˆ’,929919538093518918
1005,ğŸ§¬central infinityğŸ§¬,925170475460624394
1006,compulsivas,957101561593606164
1007,grama do vizinho (18+),963935292446871642
1008,ä¼š universal gifs' ğŸš€,711209068278185985
1009,ğ“ğ‘ğğğ€ ğƒğ ğğˆğ“ ğŸ¥¶,772603451388592199
1010,coronel s2,808146026425745418
1011,rage quit,665639253023391764
1012,nortept comunidade,851957117458972682
1013,âœ¨ ÏƒmojitopiÎ» br âœ¨,478566000737124392
1014,â€¢â€â· ï½¥ ğŸŒ™ ï½¥ refÃºgio | #2k,1077828382173167627
1015,e-girls' attic #2k,846202427962425345
1016,æ„› - celestie sea,987363677067943956
1017,moon palace,860497431967301652
1018,retrÃ´ #1.6k ğŸ¥,1028105841125101628
1019,strawberryâ€™s comunityğŸ“,1017984241360973844
1021,mineiro flow sv,757692198325321768
1023,asuka's brothel â¤,1042965327937552404
1024,minecraft pe,966434648894898187
1025,ğ€ğ©ğ©ğğšğ¥ğ¬ ğ…ğ«ğğ,886347807148097577
1026,twitch.tv/furionnzxt,1118640397032374424
1027,anormaly's mm2,1069312663470997514
1028,gdj - grupo de desenvolvimento de jogos,663725371773943828
1029,erp brasil,690805057985183794
1030,ğŸ’¸ jovens milionÃ¡rios ğŸ’¸,1043193529771507846
1034,infinite majesty â€” â„,1066742166245888090
1037,heroes: online br,981716609070694421
1038,ğŸ•| friends of freddy fazbear's pizzeria | fnaf 6 edition ğŸ¤,708762129905483856
1040,ğŸ’œ lp â€¢ mods & store,825416378495270984
1041,copo de leite ğŸ¥›,757340238082211970
1042,ğŸ“¢ super divulgaÃ§Ãµes ğŸ“¢ #800,732361567315820616
1044,ğğˆğ„ğ‚ğ„ ğƒğ„ğ‹ğˆğ‚ğˆğ€ãƒ»#2k,842505921313243156
1046,sensuality 2 invite = nuds ğŸ‘,1083900525365436516
1047,rn community,949538160034074724
1048,pomotrem,750798378417389690
1049,mirai translations,603325287832354855
1050,bitbunker,1090364250335228104
1052,hotbanshee heart,960697326282891366
1053,the spades ğŸ”¥ | #1k,929437222153887807
1054,lÃ¸jinha de 1 r3al,1004782551312891954
1055,editors br ğŸ¬,955203502483861514
1056,lost's 7 community,940460592429432884
1057,eternity animes,700057607783579699
1058,server da eshiikk,811027669554036746
1059,brasil conexÃ£o apollo #2k,677930081859010597
1060,tbl,1168600146213355614
1061,gacha community,973310010572570696
1062,â¾• animes revivalâ”ƒ#5k çŒ«,1036750134794518528
1063,ğŸ”¥ pandes d' monkey #16k,988210433963999282
1065,dying light br #2k,1043245514063364208
1066,recanto dos virgens,838463125526937620
1067,æ„› â€¢ anime house â€¢ â¾•,790222431784009748
1068,[gsps] shop #3k,1154237743954665553
1070,marcos drumom #100k,673150198515499008
1071,the shelter,742463611594604604
1072,palia - brasil ğŸ‡§ğŸ‡·,1104935928159543376
1073,dkt vendas [+18] ğŸ˜ˆ #2k,961759321639755777
1074,dynasty society #2k,806624150814720021
1075,nft | games,879215515493601320
1076,newlands servers,736312710173818971
1077,cafofo da pÃ£o ğŸ,1015683116276383924
1078,night gamers,784201414704103455
1079,gta online br,950546687477317663
1080,indie's community ğŸ“,617055409697718282
1081,galaxy anime's & social åˆ,887098989109993473
1082,futverse âš½ & futebol,1089972652871000164
1083,ğŸ’ª | passionev2,737881658061094972
1084,ğŸ†tropa da cosmolandia,813148645250957343
1085,â›©ã€˜dragon ball - rp : space ã€™,796726780878782465
1086,âœ¨ neo piece (em Ã³bito)ï¹rp/rpg #1.5k,1017920752881782844
1087,stray kids br ğŸ¸#rockstar,954465039438450689
1088,sunest,981354171213168720
1090,sr carlinhos - memes,879398935460999228
1091,u reinu,733288139753521283
1092,castle of anime's ç¬¦,1052745768882155650
1093,carlinhos nation,1062978478363918387
1094,dussk universe #2k,944659822756888657
1095,elevar 369,1077361010639372288
1096,ğ€ğ’ğ†ğ€ğ‘ğƒ,824254880575258674
1097,extermine esports,687299215759638580
1098,fastcode store,1058457685902774353
1099,ğŸƒï¹’station coffee,772182631798276158
1100,juh store mm2',829732917390344232
1101,little island,889666710221783050
1102,girls +18,1029113789272047737
1103,ğŸª„ï¹’destiny light êœêœ,760668313759252531
1104,servidor do monochampionyt,727210071272194108
1105,vipers,709067489551712267
1106,geek lineage,954149109395230751
1107,creative club ğŸŒŠ suporte & comunidade,895756577859059753
1108,ğŸš€â”†sÃ£o paulo roleplay - season 2 ğŸ…,763550993907974164
1109,black friday gacha store #14k,1173684337770774568
1110,ğŸ“¢ nxs divulgaÃ§Ãµes,1134296552849014804
1111,ğŸŒğ–ğ¨ğ«ğ¥ğğ–ğšğ«ğğ‘,849696655510863914
1112,mudamos de server!!!,788025016209768479
1113,ğŸ” cabarÃ© secreto,796407000409178142
1114,â›ğŸ¬ğ“‚ƒ(é’âœ the foundation )ê®º,1049483502011285514
1115,infinity gg,927538090589954088
1116,ğŸ‘‘ lotus lounge,1150529420835176558
1117,ããƒ»black lineage,930210838973939775
1118,cafofo dos macacos,933958627734224977
1119,cavaleiros do among us oficial,838443961211158608
1120,corey's market,850118699884609596
1121,ğŸ©¸ãƒ»twdâ„¢ - unturned,873757956552949782
1122,vale das e-girls ğŸ”¥,734871287603658795
1123,ysnow packs 3k,943670028509773925
1124,tropa do bronks,1110255872631898124
1125,covil7 store,1048757196030234714
1126,ryex,879204191535505470
1127,rocket vendas ğŸš€,516331961506070528
1128,ğŸ°â€¢ à¹–Ì¶Ì¶Ì¶Î¶ÍœÍ¡new fantasy {ğ‘…ğ“Ÿ},801929817703972924
1129,puteiro online,777614434368618517
1130,the next generation,456940363471650826
1131,calÃ¡bria roleplay,1075077826799210617
1132,naruto stars rpg #1500,924513165809696768
1133,aquarius lab ğŸ§™,932539524486135828
1134,blue phoenix,745337964548194335
1135,golden knights,743299433336274988
1136,lunar city ğŸŒ™,701241375349276674
1137,fnaf pixel simulator/fan game ğŸ‡§ğŸ‡·,1113191854788329522
1138,union servos,782764560989814795
1139,duppy store #4k ğŸ‘½,759433044393590795
1140,tgs| the guris society #2k,1085366699852836886
1141,prosperity,945647101671522326
1142,ğŸ‡§ğŸ‡·brasil ultra roleplayğŸ‡§ğŸ‡·,762509448656715846
1143,ğŸŒˆ ğˆğ¬ğ¥ğšğ§ğ ğğšğ«ğšğğ¢ğ¬ğ'ğ¬ â€¢ ğ‘ğ/ğ„ğ‘ğ ğŸ,899302251426897953
1144,â˜… kingdom of dawns ğŸ‰ËËŠË— #2k,756962335381389421
1145,ğŸ–¤ â€¢ nioharo #2k,1068709315063578654
1146,â™¡ coffe with love â™¡,1023423259187892234
1147,â˜•ãƒ»â”ƒcafeteria do hideri!!,796332728332845056
1148,web love acabou!!!,854064131408658452
1149,ê’° ğŸª¸ ê’± à£ªğ“‚‚ ×… ê©œlympus .áŸ.áŸ Û« â­’,1064045315914727495
1150,cdr ğŸ¹| #1k,1118157014200234004
1151,ç« curry island 'ğŸœ,864276357055512587
1152,tokyo kings ğŸ‘‘,858313382017237012
1153,mundo aquÃ¡tico,768847611163443241
1154,pixelart brasil,506180374112632863
1155,avakin life brasil,990276652871344138
1156,â›© cidade otaku #2k (em reforma/hiatos),920646194789748767
1157,Ê™á´€ÉªÊŸá´‡ á´…á´€ á´€á´‹á´€á´›sá´œá´‹Éª â˜…,709785158311608400
1158,ğŸ£ï½”á´á´‹Êá´ á´á´€É´á´ŠÉªá´³áµƒâ¿áµğŸ¥¡,811477097285419078
1159,imperio_sexğŸ”,773994571687526420
1160,rehzinha,865856347140653086
1163,oktoberfestğŸ”¥,767859171168616469
1164,mainstreet,1042530965219704922
1165,new empire's â”ƒ memes e entretenimento,828381523564691506
1166,terraria ifunny,908842787900882945
1167,â˜• game night | animes & jogos,1092948953315676182
1168,death,1036711136323719269
1169,lins #2k,1136670050829467708
1170,â˜ â€œğ™‰ğ™¤ğ™¢ğ™š ğ˜¾ğ™§ğ™ğ™–ğ™©ğ™ğ™«ğ™¤â€,779769416245706764
1171,à¹‘ï¹’ğŸ«§ï¹•Ë“ ğ’outh ğiece ğ‘ğ : rumo Ã  grandlineå—,1043594391450816653
1172,ËË’å‹ Â°ğ½ğ‘¢ğ‘—ğ‘¢ğ‘¡ğ‘ ğ‘¢ ğ‘†ğ‘â„ğ‘œğ‘œğ‘™.ğ–¦¹Ë–à£ªğ–¥¨,974753899212857384
1173,ls stories roleplay,527482705491918858
1174,lolly's bizarre adventure,847504416319471666
1175,â€¢ ğŸ migramos,932831094347276298
1176,trator,775685355127046164 
1177,mcbe brasil,434139133569662976
1178,comando da roÃ§a ğŸŒ´,865348976886153247
1179,sacrott d'orittğŸš,588056992812105787
1180,âœ½ãƒ»biblioteca 2023ãƒ»âœ½,893962908101382215
1181,server da manu ğŸ§ #2k,872878233639587880
1182,migramos...,853076182089596958
1183,aomossekai | #2k,935910788189810800
1184,ğŸ‘‘ sindria,771444824041586699
1185,koda (migramos),640675075066167345
1186,nitro power ğŸ,1031198787923886120
1187,ã€Œâœ° âœ° âœ°ã€â”‡ ğ˜ğ¨ğ®ğ« ğğ¢ğ³ğšğ«ğ«ğ ğ€ğğ¯ğğ§ğ­ğ®ğ«ğ: ğ‘ğ [ season 3 ],920036005275381770
1188,boleiros f.c. #23,548665234471125023
1189,æ„› kingdom fantasy (descontinuado),736231888217440286
1190,ğŸ”® rede amethyst Â©,551891615212634132
1191,konoha brasilâ„¢ ğŸ‡§ğŸ‡·,726994613591736370
1192,hubbiz digital,1127408474976948275
1193,cidade mobile roleplay #2k,784503528781512755
1194,sÃ³ lacoste ğŸŠ,916040270452228136
1195,ğŸ”¥ ldl hot ğŸ”¥,1106725349192118362
1196,mudae custom pics,879133438215594024
1197,ligas clash,689601042077319233
1198,vasco da gama,964558605108019260
1199,æ„› aniyan's garden,546660755123077120
1200,comunidade - jkzin mods,1005913033945665576
