Blox Fruits ğŸ‡§ğŸ‡· SrDarkBlox YT | Blox Fruits â€¢ Anime â€¢ Social â€¢ Gaming â€¢ Emotes & Emojis,714131978299113513
CDW,934635845460303882
ğŸ–¤ãƒ»E-Girls Gifs,764587614254006284
7Criminal,951504347378884648
TKF,1029514308972982335
FDL,822623795307216965
LapK Jogos+18,648890542788182036
ğŸ”¥ NDC ğŸ”¥,849137097419390996
ğŸ‰ E X A ğŸ‰,869353363609899038
â˜  CyberPunks â™¡,637443986528665611
â›” ManutenÃ§Ã£o â›”,776097788181086218
ğŸ­ãƒ»Recompensas GrÃ¡tisâ„¢ [NEW],1092879085677576202
Paulinho o Loko,772857533631168552
BLAKK GIFS #70K,694112329645948988
Decorations For Servers! : #70k,732311394879406192
Driscord Brasilâ„¢ ğŸª,320705589049163776
LEAGUE of Hu3BR #60k,524951730534744076
ã€ŒğŸŒ€ã€Veyar YTã€ŒğŸŒ€ã€,791450229907390494
Lala du Discord,680529503750979620
PlayRay - RPG,922504003978395648
Hero Base,842159620227072041
Reino da SeduÃ§Ã£o,974840339288457277
ğŸŒ´ ILHADOS ğŸŒ´,706715940276142111
Finch Cuts,1141741351222902874
Cantinho do Lorde,814680968706392095
ğŸ‘‘ PrivÃª #50k,961006433585991680
Illusion,869669730116599839
Batalha da Aldeia,705256190002593812
FamÃ­lia PL,672464399994191912
Lapk Zone #40k,763821813557100586
Call of Duty Brasil: WARZONE,686751510369140837
AnimesK,614904136437334044
ğŸ‡§ğŸ‡· Warriors: Animes | Jogos | interaÃ§Ã£o - (2X SONHOS!!) ğŸƒ,832368852871938079
AMERICA,1000563801587974196
Guiga Games,771400856372641823
MADARATR,772964486088491019
ğŸƒ Animes CafÃ© #40k,609159041499004982
DISCORD BRASIL,876880568560803900
Creative Squad ğŸŒ©,749716543302140044
ğŸ“¢ EXP DivulgaÃ§Ãµes,524949199444377612
ğŸ„ 40 SABORES ğŸ„,788576978362040340
Elite Das Putarias 2.0,982795400798937128
ğŸ˜ˆ Elite Das Putarias ğŸ˜ˆ,552976210725175296
LCS Scrims I SA,706706611552518164
KAOS GIFS,859639719209467904
ParaÃ­so Das E-Girls ğŸ­,829038138688274453
LIGA GEEK,302136068629856256
American Pae,721374444077056041
ğŸ”¥ | Devil Hentai,720767566133461055
ğŸ’ Never Die ğŸ’,476908445388505098
MIGRANDO..,766743614884675624
ã‹› ã‹¡,1080925670475047004
ğŸ“¢ Divulgue Tudo #26K,571815024255959041
TripulaÃ§Ã£o Jedy,746904859642560604
MineWay | Minecraft Server,894320808095277056
BTL,805202834475319317
study community ğŸ‡§ğŸ‡·,728741178186399836
IDP +18,729518217030270987
Wild Rift Brasil,906736049252884500
PANELINHA DO WEBNAMORO,995941327348961300
Voltz,693919801382535232
ã€” â˜ƒãƒ»Xablau TVãƒ»âœ® ã€•,1004878799906820128
ğŸ”± PDK ğŸ”±,815597438379360257
Blox Center #25K - Blox Fruits Trading,1018340698703007744
Dead By Daylight PT/BR,754839219767083009
Bubbles,885758614252453950
á´ á´Éªá´… á´„Éªá´›Ê ğŸ¦‹,548474542687780884
â„¢ MansÃ£o das Lollys ğŸ­,1050800498346823752
Taverna Da Akali,610544084007780372
Valorant Pro BR,302145123704242186
UniÃ£o Otaku,792149786068254731
SKT CITY,755824217924042892
Teyvat Universe | Genshin Impact Brasil ğŸª,748720691645251716
Minecraft Brasil,870126035553902742
Zona de Duelos,813070098834522122
ImpÃ©rio do Webnamoro,608306472434270208
â„ãƒ»Mystic Universe - Blox Fruits Trading #25kãƒ»â„,940477578681122858
ğŸ”¥ IDP HOT ğŸ”¥ #30K,892778230866665472
Neon City,750191845572608060
â•²ââ§¹Xizzenny Famiâ„“y ãƒ„ â§¸â â•±,790938050057732107
CoffeLand âœ¨#30k,973562967377473596
BLOX FRUITS - BRASIL #19K,1030151475135004794
Rede Nation,229055492561829898
MiniMania ğŸƒ,948051148491866133
PorÃ£o dos Fetiches ğŸ§,1050952314590085161
Servidor da Fhany,745049338396409886
Server bom,703360124143796265
Apex Legends Brasil,542501711860727848
Edu Dicas e Gameplay,586675318073589760
Cats&Coffe,806244869722341396
ğŸ‚ | Erp Point,819298925696778341
Animes Evolution ğŸœ,657843574028894220
Otaku Supremeâ„¢,693569005444923412
CDL HOT ğŸ’,1115669812664864851
ImpÃ©rio - RPG,1012065638556119050
Legado do Hoshizora,905657718671540326
Toca do Teemo,715254479309635634
ğŸ”¥ All Star BR | #15kğŸ”¥,819510191875162112
Zone World Brasil,768035333283119114
GALERIA 15K,798527413054734406
Zero Communityâ„¢,988251099117006878
FamÃ­lia Master's,620664110740144158
EI MINE,792948544624525322
Yurei BR ğŸ‘»,845480610180890634
Cash Roleplay R,807585185633271859
Skyland,684368295939276809
Star's CafÃ© ğŸ–¤,802594126994210857
ğŸ‘‘ ANIMEBLOX,822994122197172234
World Anime RPG (W.A.R),806905578130505758
NewCord,749990715471167488
ğŸ”¥ RED ã‚²ãƒ¼ãƒ ,908485617057419285
LinksBR,954469430564388894
Garu,445378896016441355
TROPICAL VIBES ğŸŒ´,785172421082218537
Galo Sniper,818515995530362921
Privacy Flacko ğŸ¦‡,947178064910118983
Noodles Picante,584926863437070336
Animes Paradise,872962755538350110
Churras na laje,783443126052061204
ETRIXâ„¢,768471311831662673
Animes Diariamente,239822350399438849
ğ•­ ğ– ğ–Œ ğ•¯ ğ–” ğ–Œ ğ–˜ ğŸ„ğŸ,726927269863358546
BrunaBlince,401453243537948682
Programadores BR #15K,755483507698172045
ğŸ”¥Reino do KaosğŸ”¥,1083139734022402140
Haysen â”€ Republic,914159864660504636
Torajo Verso ğŸ,1053090340044816396
Original Gangster,734979911239860244
Mundo dos Animes - Brasil,381920827513503755
Nitro Free,640627456918814721
ğŸ¥€ The Family' ğŸ¥€,688391422088314882
Comunidade Sea of Thieves Brasil,806147920369287179
Carol das Plaquinhas,850197487910387723
Estudo Militar | BRASIL,876641874704744538
Mugiwaras,736701720800919622
Servidor da Solange,427197224779513876
StarDix,447833437697474562
M2games,343570336987611147
Otaku World #O recomeÃ§o,906589243575500811
Santa Cruz | Loading....,1071986382433693829
Escalada ao Ã‰den,721373386672046117
Otaku's & Geek's Mania,853831601422860308
ğŸ˜ˆ IDP HOT ğŸ˜ˆ,778382480217735168
E M P I R E S â„¢,952977503029440593
Vale Chernobyl ğŸ”ğŸŒˆ ğŸ˜ˆ,792196038949732382
Distrito das Amizades #11k,961488048217030696
VDCDãƒ»VALORANT,850368657787715624
Astolat,642499335858290701
R4R1DADE's,988463361542983750
Baby Shark,828401170312986694
ğŸŒ¸ Sapekinha ğŸŒ¸,1049322826479439922
ğŸ˜ˆ Putaria Gifs ç¾ã—ã•,854887732492763177
ğŸ„ Bordel,1080702897337151558
ğŸ’˜ Zona do Amor ğŸ’˜,1020155691199111259
ğŸ’•CabarÃ© das Gostosas ÊšÄ­É,859558365638295572
[ğ‘ğ]ã€Jujutsu Full Power #11000ã€ğŸŒ™,787761831212220466
â˜•ãƒ»Coffe Place,747304322248999013
High5 Club,412169234492293130
Frota #10K,740670420998553622
ğŸ“£ EXP DivulgaÃ§Ãµes ~ Lite,616734092133793792
FAITH7 E-SPORTS ğŸ”° 10K,1025341096550744075
Anime's Days ManutenÃ§Ã£o,743286609277091981
è€… Anti Clubâ€™à¿” ğŸ¥,961862168448491560
GIFS,704035228452257854
Comunidade Valorant BR,708719358704222298
Cidade Alpha,948689163425812562
Enifler,626945843416530944
Networking Brasil,767220824302026802
OP RPG,781182533458853928
Red Union Packs V2,1087823716974612482
Asyllum,989658747603398717
Bar do Liveira,1074409184667385916
ã€”ğŸ‘ã€•â¦ Äynasty 28 â¦ã€”ğŸ‘ã€•,723320877269385257
Sidercord ğŸ›¸,687780538060505145
Super Sus Brasil Oficial,980073134411644939
Boss Smurfs,851209442602254446
ğŸ‡§ğŸ‡· Blox Fruits Hub #8.5k,864127482847821835
ClassRUN,705136814335197386
UBGE,194925640888221698
Neem#100K,642579646814093332
Mir 4 NFT Brasil,879431889331572808
ShyFur Femboys ğŸ¦Š,1044244361262682212
â­Stardew Valley BrasilğŸƒ,389498644090322944
MINECRAFT BRASIL,734171672277418124
Corinthians,933854216269738014
FKGAMES,721413295097249803
Guilda dos Aventureiros,731011816553054291
WEBNAMORO ğŸ’œ,710215816867610654
Bat Caverna,957379345935110185
Brasil Packs #10k ğŸ”¥,891651427003400222
MIGRAMOS OLHE O CHAT!,812023633677385748
! : Ë–ğŸ° Decor Ë– World âŸ#8K,912170179922899036
R.I.P HARDCORE,548144067167387678
Carioca Gifs - #10k,983802545292071002
The Ghost,916375675718488094
WEBINFERNINHO,1004132225794715788
ğŸ„MangÃ¡ Easy #30k ğŸ„,867833103513550850
AniColds | Animes & MangÃ¡ BR,767434953871851601
RENANZO,732359897898942564
Nitro Rewards,980105283709853726
[RP] ğŸŒ€ Naruto Full Power: Os Ataques de Bijuu! #10000,744274389570420776
Good Trades 2 #8k,1146109360511123507
âš¡ãƒ»LIGHT STORE,1046597660318105660
ğ™ğ™•,545684461388300308
Multiverso RPGista,646757907920322560
ğŸŒŠ â€¢ Genshin ImPaimon ! 7k! #BoostUs!,972611206286286852
âœ¦ ğŸª â Sirius â ğŸŒ âœ¦,698512575977095210
UMF - Mundo FictÃ­cio,358662239290392586
Dysterra,708499148957024299
Kyoto Station,712483090643025932
ETERNA FGC,369857969875320832
The MTDN - Brasil #10k,498973889682997248
LaPromotion,954749166591025172
Comunidade de Artistas,578693724561866763
Codify,743482187365613641
Overwatch 2 Brasil,391040918787981322
ğŸŒ¶LINKS DO DOGğŸ˜ˆ,779138396593061928
ğŸ”¥ â”‚ UnderWorld,661039080288550961
Midnight Oceanic,948356599561482270
Escape from Tarkov Brasil,307403235944169482
RobloxBR,683669700890198020
Terraria Brasil - O comeÃ§o da Jornada,855128192364838932
FND â„,664551012429725696
Beco dos Degeneradosâ„¢,847217061959565372
Play time,903679271736856626
ğŸ˜ˆJOGOS ADULTOSğŸ˜ˆ,929769380282261514
Dark Room,763848079476260954
KTS COMMUNITY ğŸŒŠ,1011210441206288415
Ao infinito e AlÃ©m!,660965501798711302
TDC - TROPA DOS CROCODILOS | MTA:SA & MÃšSICAS,690012946444845110
Brasil Roleplay Oficial â›„,884989074799218718
ğŸ° âŠ± ğ•‹á´Ï™á´œÉªÉ´Êœá´€ ğ••ğ•’ ğ•Šğ•’ğ•ªà·†,903477256310108162
Rainbow Six BRASIL,811714596263297034
Jumentossauro,485738053663457280
Lost Ark Brasil,759003907858104350
Game Dev Brasil (CSJ),691792837880184944
Union Of Savages,1148192008087818380
GÃªnesis Community,756079072093798511
Quartinho da say ğŸ“,985773349781241926
Money Strike ğŸ’¸,856266070662053928
Geek Nation #GKN,943646229496229909
ğŸ›¸ ZNE Club #7k,1036968851532955658
CBC ğŸ¥µ,768973929481240577
INDROIDI,321451049359638529
Hyperz Family! #6K,960831825478033478
ğŸ°ğš‚ğšğš¡ ğ™´ğš–ğš™ğš’ğš›ğšğŸ°,966012083416219728
Minecraft Brasil,777889235029852212
ğŸª Space Girls ğŸª,853870873471877120
WoW Brasil,280053823517491211
â¤¹ğŸ„âŒ¯ Animes Nightâ„¢ã€ƒ #7K,715911059302645802
Lar do Webnamoro,754061234994675915
Blox Fruits Comunidade,823538485717631018
RefÃºgio da Fandublagem,550850490360135687
MineSky Network,672661692395814933
GIFZADA: Emojis,776916278060908585
Quartinho da SayğŸ“,1067262416536223835
Angra Â©,1060073344952705034
PANDINHAS,839529451008163881
DIGITAL KINGS ğŸŒ NETWORKING,1060925534583935037
à¼’ ğŸ¥€Canto da AmizadeğŸŒ–à¼’,774258665099362324
eFOOTBALL LEGENDS,1021040683630465074
ğŸ‡§ğŸ‡·ğŸ§¡ Templo da Web'amizade,582587914785914880
Horda RPGista,476968337725980720
Blox Empire #7K,993247549647499285
In your area,955574896623251546
Club of Colors | LGBTQIA+,757444431262515271
M U S E U M,382203192248893440
Mini Fazenda,826168701987455016
Sistema das Lollys (Fechado),788312773674532904
DR.GAMER,620225328761143296
The Playboy's,749034611845234810
ğŸš€ Drops MTA #10K,895777905337061417
ğŸ˜ˆWebs CityğŸ”,1001961929188843552
Brasil New Start,381623944748466188
MoonKase,795366511560228924
Poketop!,744348727971676161
Life Style ğŸ…,622543002358906920
[BSR 4] Central Das Fugas #6k,936069152181997579
aimfovTREM,874150562516598785
CR Flamengo,956003357129076746
å‹Night Empireãƒ»ğŸŒ™,478584861532225546
ESTU,854915204902420540
Servidor Oficial do House of Games,378676987134345226
ï¼­ï½‰ï½„ï½ï½‰ï½‡ï½ˆï½” ãƒ•ãƒ­ãƒ¼ãƒ†ã‚£ãƒ³ã‚°,462106987673419776
Galera FOQD,340299065495388160
Back Street,903872901797793852
ThomeFN,711919786065395745
Locking,776128738256879646
The Project,439263663837151242
SUB,831662059326275597
Em ConstruÃ§Ã£o,853653125391056896
MunDo MÃ­stico,1059407066613174282
Geek Hub,727658536363884674
Xnation,845626304064782337
Dayz Apocalypse,963345674424946738
White Stock #5K,1023661918042456086
Padaria ğŸ,748917809995841666
Clube dos OtÃ¡rios ğŸ®,818824591434055681
ğŸ”¯Club SuccubusğŸ”¯â„¢,910532180894154782
Communyt HotğŸ”¥,1106015278250328146
SimplexÂ®,713463841534771251
Xbox Brasil,542850472046755847
servidor morto (picasso),844504437992062997
TROPA DO DIH ğŸ„,614127768468324412
ğŸ‘‘ Judsonzinho âœ”,648676361468379177
Golden Bros Brasil,914175876587986994
Tinder HotğŸ”¥,838204838482673694
PlaggXz | 500k,894776626255114330
Webnamoro ğŸ¤,1107150248838705245
The Kong Studio OT,853766114219261962
Panelinha do Webnamoro,453952982174924801
å‹'Friends da Baixinhaãƒ»ğŸ‘‘,702695994927611925
Ã‰ o Fim,973700881868546098
Z DUBS,407593596414590976
Mini City [RP],713473586882412676
CS:GO Brasil,436516889389301761
LAR DAS GAROTINHAS,1064933874615988335
Sky Masters #5k,764206630337511475
cantinho da AmorinhağŸ”¥,1052028285313368115
Dead by Daylight Brasil,387358429167222794
ğŸ˜ˆ Hell Club ğŸ”¥,1130580096428802301
ğ™‚ğ™–ğ™¢ğ™šğ™§ğ™¨ ğ™¤ğ™› ğ™€ğ™£ğ™©ğ™ğ™©ğ™®,434497014827319307
Animeâ€™s Space,977537725278330882
KakÃ¡Sampx Community,918838209323073566
ğ“‚ƒ ğŸŒ™ KNY: New Generationâ„¢,868986167750717460
W3 Research,687026889646407752
zeroMancada,673978453694873660
Five M Free Skin #8k,828126845492658217
amigos,1101386670240174102
JRM E-SPORTS,776440303895707699
ğŸŒ‡ BloxCity #5000,850470040636751902
â˜• Cafeteria Geek â˜•,851107851682447360
ğ•®ğ–†ğ–“ğ–™ğ–ğ–“ğ–ğ–” ğ–‹ğ–Šğ–‘ğ–ğ–Ÿ ğ•®ğ–”ğ–“ğ–‹ğ–ğ–†ğŸ˜³ğŸ‘‰ğŸ‘ˆ,886080678846947410
Overwatch 2 Brasil,748982412201033821
Daddy Issuesâ„¢â˜•,876974813606998026
Mugiwara's Comunitty,1050604411270987836
SEX HOT ğŸ”¥,1116409081675128903
FS Community #5k,822971853198589972
Insta: @beccadasilva_,904961002095906876
JUVENTUDE FUTEBOLISTA br Â®,1070359117362901032
Thomas Community,505372649959063552
Novel Brasil,726290600332230686
ğ–¦ğ–®ğ–£'ğ—Œ âš¡,879741128071598120
DF Scrims | SA,887191020566085673
ğŸ¥š Blox Boosts ğŸ¥š,859921942177251378
Renatinha,774392261857116171
Aqua Reversed,815380395334828032
Game Company [âœ],514586129878482948
âœ¨DiscÃ³rdia Totalâœ¨,733109098253385750
ğŸŠBergamotanosğŸŠ,451847193826164758
Cantinho dos Artistas,842796655875325982
[REWORK]ã€ŒğŸŒŸã€Star Pieceâ„¢ã€ŒğŸŒŸã€,848976407659806730
Lost,733217498903740490
DivulgaÃ§Ã£o & Elite ~ ğŸ“£,993868478731800737
ğŸ­Universo Gifs ğŸ–¤,849291802997555231
ğŸ„Comunidade do Zullux ğŸ„,835879577595150406
Malibu RP,425554758468763650
StarsFamilyâ„¢ ğŸ©¸,1006703572601294888
âJust deliciousâ,848039381662957609
é›¶ Depressivos por MulherğŸ­,816685319910719508
ğŸŒŒ Ã‰denâœ¨,779767816965980222
LIMITLESS COMMUNITY | 4K ğŸ‡§ğŸ‡·,1047661004714160138
SpartanGamer Oficial,509746444333481985
Aleatoriedade,847295547651391519
ğŸ“£ Divulgue Aqui | SLN,688409928473378931
CabarÃ© das Lollys Lite,994659860442533949
Mad World,887762509434609664
ThatSkyGameBrasil,603720312911167622
Botcord,795750949401919518
Tropa do FLOYD #5K,840447904019775498
BğŸ…°N1D0s,941508293610840084
CDO,776923417961824308
Duzzk,834262865791811624
Comunidade de MTA/SAMP,947933056503795793
Ordo Aureus,903709811680632832
âœ“ Free Games NFT Comunidade Â®,901660641796952085
Mynimes,790823719282671627
COD Warzone II Brasil,1046628963704905728
Brenin RJ7,928328007867830303
Cidade Real | Roleplay,818852937031614484
ğŸªï¹’Kingdom Dark,966332407085154335
Tsundoku,697958499589554217
MM2 Farming Brasil,1080828700506996776
Evolusty Partner #2,661765576217198602
- Í€Ì—ã€ğŸŒŸâ”‡Î sÊœÉªÉ´á´Ê™Éª sá´›Ê€Éªá´‹á´‡Ê€ [Ê€á´˜] | ğŸŒŸ #4k Î,695366422775332905
Juju,853235354467696690
Leveling Love #5K ãƒ,1030609944736714863
Fleep Pyro Brasil ğŸ‡§ğŸ‡· #5K. - Jogos,1013818119078285333
Ordem Calamidade,1001492008621318284
Migramos,997248281535066243
RLBR,561208699629338648
! Hydra bot!,747420727908630658
Canal Tchukine,788622115099377704
CafÃ© LiterÃ¡rio â˜•,720399655036518401
ğ—ºğ—®ğ—¿ğ—¶ğ—²ğ—¹ğ—¹ğ—®â€™ğ˜€ ğ—´ğ—®ğ—¿ğ—±ğ—²ğ—»ğŸŒ· åº­åœ’..â™¡,712381067096621107
Hostza,1059218949184688158
Unis da Estela (â—'â—¡'â—),741763372634210355
GTA V Online,863633458579898379
ğŸ‘¿ Only ğŸ‘¿,718640091408498808
ğŸŒ· â—ŸSweet Shop ! â¸â¸,768833272049303594
Hentaizero,464642820494458901
Mercury - Hentai,853399538851905547
Webnamoro & Trakinagens #4k,845488507542962177
LeNdZâ„¢ ğŸŒ,764888495885516830
Trixie's,895478604429922304
nugranisasqwweq,829386623858900993
For You â‚ŠËš,856873114926972929
Rangers Of Legends [BR],389953863446429719
ğŸ¥€ SAD NIGHTS â˜ª,721872107797086208
Royal_RPG,1012911318312964127
TG Community,884063022103019570
ğŸ‘‘WYDBR.COM ğŸ‘‘,387602427353759745
Cucco Productions Server,671693369067569159
ğŸ˜ˆğŸ”SXPornğŸ”ğŸ˜ˆ 3K,914174589884583936
ImpÃ©rio Panda Nerd,671448984958795777
Midnight,695694148984111164
ANARQUIA.XYZ,669200008888844308
Dream Community,629698263070801921
Cyb&r$t0rm,1105889680295198731
Midnight Dreams!,876957594797891614
FamÃ­lia Sky,858090735894265866
H o w l i n g A b y s s,410485105367318538
Oyasumi ä¼‘,422115563167547404
Filosofia uhum uhum,868198343883505704
Furry Discord PortuguÃªs,231193277842325504
Goma do GL,731314525462069408
ğŸŒ» Sunflower Palace ğŸŒ»,851092248808652822
Mcpe Games,723694368036356160
TAMI ãƒ¡ãƒ–,724373830671532164
IMPÃ‰RIO ğŸ‘‘ NEBULOSA,755255029715435630
à§â›©ê’±ï¸°Kimetsu Revolution à©­,878384053143887922
M'amados do Vovis â™¥,316040253343531008
PELÃ‰ NEYMAR,930342761499066388
212 ğŸ‘‘,810942902774792252
MIGRAMOS ğŸ’ Weebs In Heaven,418905476281925633
Favela de Otakus,881628723378524160
BNG - Br Nem Ã© Gente,549749254957039617
Pokemon City #3k,857698127326347266
FamÃ­lia dos Cenouros,540197936034742277
[ERP] Dystopia,850569904755048488
Sophia Elementaris Hub ğŸš€,712371103686983711
BISNAGUITO,1072378040237174854
X-MediağŸ”¥,1023388024979062890
ULivre,866378348368625704
BVR Pixelmon,822700911600205835
OLIMPO + 18,755259443196854285
ğŸ˜ˆ PRIVACITY ç†±ã„,664154878620336139
Wp,260119800947277824
Wild Rift Brasil,772248096767475712
FamÃ­lia das Frutas #3k ğŸ”¥ğŸ”¥,1015647952359923752
Fall Guys BRASIL,743867536604397649
Comunidade de EA FC 24,785616187753103370
ğ’¶deptusï¹’xmas,922298842509115413
COMUNIDADE BRASIL #CMBr ğŸ‡§ğŸ‡·,1053510196602871810
Genshin Palaceâ„¢,1043732084532969502
Barcelona Roleplay,1005277207435956254
æ„› Anime's Heavenly #3.5K,966109396260241458
ğŸš€A Terceira Rocha,741792082087116960
Cyber Hotel ğ“†©â˜¾ğ“†ª #5K,1038906741724823652
PorÃ£o Night ClubğŸ° - Discord,845040142384758794
Web Churras e Amigos ğŸ„ğŸ„ #4K,863550522967195669
MansÃ£o dos Mil Dados,670407327136088064
NÃƒO Ã‰ PORQUE ESTOU..,847644559138619392
Jovenz,785850220479119381
Vulcan 3.3K,410158562929803275
Divulgue Agora!,759182169830195293
DayZ Nemesis Online,616765729613807622
å®¶ Nekrin House ğŸ¡,325391902679498752
Comunidade Conecta,862474064684515379
ImpÃ©rio da Evelynn,975808754023022632
aNovaEra ğŸ•ŠğŸ©¸.,857660806464012298
ğ—¦ğ—µğ—¶ğ˜ğ—½ğ—¼ğ˜€ğ˜ğ—²ğ—¿ğ˜€ ğ—±ğ—² ğ—£ğ—¹ğ—®ğ—»ğ˜Ã£ğ—¼ #ğŸ¯ğ—¸,934897566791925831
Oh muiÃ© que ta lendo entra no sv (precisamos de mais muiÃ© nos ajude SOCORRO HELP),762475236095819796
ğŸ§™ğŸ¼ MFA ğŸ§™ğŸ¼,345228948915093506
Kakarotto FF #1M,811703494004047932
ğŸ“£ ~ Fast ~ Divulgue Tudo #4K,674638476594905121
migramos,732293698406318233
Trades de Rocket League PT & BR,1057436648549392455
AlfaMU,637350833373315073
Artists and Singers,681958246243893366
ã€–RPGã€—Demon Slayer Night Vision #3.5K,873215664553361478
ê’°ğŸ‘»Multiverse RP - Era ClÃ¡ssicaâ‚ŠËšà¹‘,881347131988934706
ON FIRE,670467473925210133
Eternal Destiny æ°¸æ’ #3.5k,1054818599296041080
ğŸ® Jogos e Algo+,886395969015517244
Doom Project,1021611772169420820
Humble Pixelmon,828452183662002196
ğŸ¡MochiğŸ¡,922369070836383754
GAMERS BRAWL,887137495433768970
Servidor do Igor Comics,844698004195508274
ğŸ“¢ ADS DivulgaÃ§Ãµes,902223204523843614
Daynot 404,326111847327465483
ğŸ’¸ğŸ‘‘ | Star Rewards #4K,912007946769137665
Gravity Scans,348906060905447424
ğŸ‰ Luhsetraoficial,785617549018660895
Femboys Traps e Trans Brasil,692275832835538966
Toca do Gato ğŸ±,809216673802354688
WebStore #35K,920148299913265213
ä¹ˆ' á´›Êœá´‡ãƒ»á´‡á´á´˜ÉªÊ€á´‡,708023754315268247
ğŸŒ¹ãƒ»Bronzer Family #5K,935269199662694461
Cafeteria Expresso,466439635099320350
Planeta Furry,481659634701303838
NO CAP,859442271908266034
Caramelo Club,905607978323935232
PORÃƒO DOS PACKS ğŸ”¥,1077702983212605530
Ecchi Aru,387777240601198593
TTS Brasil,102854754450804736
ğ–‡ğ–ğ–‘ğ–†ğ–‰ğ–†,899500078300012544
Em Reforma...,896888719443906580
ImpÃ©rio do BH,940378660563742861
ley,925870840636145744
Gojo Studioã€¢Feliz Natal,1057459974936199208
CantinhoğŸ‘»,712768753288609904
O Maid Cafe,559775262758141953
Bar Do ZÃ©,808877381754028062
- Í€Ì—ã€ğŸŒŸâ”‡Î Shinobi Strikers (Naruto/Boruto RPG) | ğŸŒŸ,928152019242471486
Incandescent Society,537720226515779587
NSFW Show ğŸ”,1038578399943331930
PokÃ©Server Brasil,758827309485785118
Universo da Mika,424245949502849034
INFINITYğŸ„,904794791605325825
ğŸ€ å¸Œ Liga da ConexÃ£o â¤,1044760954375770243
Stumble Guys Brasil,942864108125036544
Clube da Escrita,906328143852359724
ã€Œ doomsdayy ã€,977273330283450478
HOSPICIO #3500,1020407760346685470
Family oFredizin,687835311966912549
Ã€ VENDA,752279850588570160
ğŸŒ™ DiscÃ³rdia - Animes & Games,751511945227665418
PorÃ£o do Panda,900384820004274206
OTAKUS E DESCOLADOS 4K,876624133276987402
Spk Store #3k,1080323197414686770
shittposti,862385790213160960
PV ON (ENTRA AII SKSKSKS),1039877802402529280
Cenolts,829763675111948339
Rdg gifs,1061789465686843512
ImpÃ©rio Fujin,701252862713397349
Poeira CÃ³smica ğŸš€,463385509717082113
ğŸ’€ãƒ»Brook's City #3K,1083480923879780412
ğŸŒº | Erotic League,872581642089275433
Moon Robux Community #4k,1050164505683959848
ğŸ±- | â€¢ POKEDIVERSiON - PARK â€¢ |,676131465980936197
ğŸ¨Sisters' ApartmentÂ©,706934766410399756
The Anime's House (Em manutenÃ§Ã£o),998413816687759361
Horizon Season 3 ğŸ”¹,762760080285761566
ğŸ”¥OrangeKnight08ğŸŠ,799074690479816716
BLOX MARKET,1153074787829162027
BETWEEN Z | Brasil,614164208216440872
BOITATECH,304088484228890644
Tempest Pirates #3K,901290970941902889
Lust,983318822087962665
VEJAM O AVISOS DO SERVER,811129896935620649
ğŸ‰ Complexo Da Web #4K ğŸ‰,919085928448925736
TFT BR,976315913328529419
ğŸªâ€Š SPACE STORE,1067991095444779020
Femboy's Lovers,978064955792326668
dznine lindo,811979420004122644
ILHA DO PRAZER Â âµâ°áµ,1167074404740632676
ğ‘ğğğ ğ¬ğ¢ğ ğ¦ğš,1092216052844343367
FamÃ­lia BloodLineâ„¢,879721563098845216
Kituo ğŸŒºâ™¡,1065432748166234134
Animes & Cats,1051309337181696070
Geass Gaming,796023663065432076
O Mundo dos SÃ¡bios,1095763908670791741
Cubic Sun [Oficial],688195861318074406
DivulgadoresÂ®,731931731329941546
Cafeteria da Bia â˜•,744280020293386281
Aninha Nudes ğŸ”¥,863491212270108733
ğŸ® FacÃ§Ã£o dos Gamers ğŸ®,818176826303184897
Cafeteria do Love,813341617531519046
Cafofinho Dos Otakus,718516674206367874
Project Zomboid Brasil,917822174641938444
TTK,807058424109203487
PatolÃ¢ndia,770981689953484822
ä¹ â€¢ Last Night ğŸŒ™ | Webamizade e interaÃ§Ã£o 2x Sonhos,1049013836092542987
Universo 404,451474558789222430
â‚ª Robux GrÃ¡tis #10K,881893423521595412
Reverse Store,742920940043763723
RPG - Armada de Vectora,222019806239522817
ANS - ANGELS #3k,1113658703921557646
â›© Cantinho dos Idiotas â›©,900523683687329792
LOAD COMICS,735287793000906854
StrikeForce à¼„,1028907662139740242
World Pinku.ğŸŒ¸áŸ¹Ë–,886209206464708659
BLOX TRADDING#3k,1088283895864246314
ğ’ªğ“‡ğ“'ğ“ˆ ğ’ğ‘œğ’»ğ’»ğ‘’ğ‘’ ğŸ¦Œ,1093674407119036528
Club Geek | jogos e animes,765785531791179787
ğ™°ğšğ™°ğšğ™° ğ™¶ğ™¸ğ™¶ğ™°ğ™½ğšƒğ™´ ğ™¶ğ™°ğ™½ğ™¶â„¢,994244648807710842
UniÃ£o dos Memes,853706460872310794
Luar,787871301846695976
HYPE #3kğŸ‘‘,1033947789572440144
Blox Demon #3K,1071641866195439616
Anime's Geek | Animes & Jogos,1110274414907506738
CDP,1053537217387167834
Societyx ğŸ„,959243589085462578
Marketing Brasil,1038957286762229850
Ë– êœœNovo Mundo â€¢ è°· .,1107336690630144170
RefÃºgio do Link,654871306143268874
ğŸ† Â©EMERALD ROLEPLAY {PC/ANDROID} #4000,841783273969418250
SA:MP Mods,903347421449424919
â˜€Summer Zone,915024361843478538
Ultra Anime's - Migramos,898391245611749427
Iniciativa HentÃ£o,1017549925011181672
NullDev,996569305665786036
The Plazza Brasil,717696118640607265
Sweet House,758551387645935646
Gamer Zone,721755873512521819
CINE PRIVÃŠ ğŸ”¥,1112460429105565736
ğŸ”¥ ğ”ğğˆğ€ğ ğ‹ğˆğ•ğ„ğ’ ğŸ”¥,564913147870314508
Gaming Accounts,1063440608192118836
ã‚ Anime's Celestial #3k,988444045221191690
Sociedade Arcana,795720829789929543
â€¢ NOSSO MUNDO ğŸŒ,934249647332032624
ğŸ’¯100 Canais Para Divulgar #3K,701845577843081298
Team Kages,574286595843293194
TEEN WOLF ğŸš€ 4V4 #10K,906982491632595026
A PotÃªncia ğŸ‘º,701913004546981960
Futuro Studio Â® #1ANO,1029838798927966238
ğ™¿ğšğ™¾ğ™¹ğ™´ğ™²ğšƒ ğš‡ ğšƒğ™´ğ™°ğ™¼,790712394271424523
[ä¹ƒå°º] ã²å°ºä¸‚ä¸‚â„¢,635672515238166541
EM MANUTENÃ‡ÃƒO | Ãguia Roleplay,798896808733966336
Jardim,806574806447292448
ğŸ‡§ğŸ‡· | Pilares das Chamas,917490456206639135
Palmeiras,794150101504491530
PJL SHOP #3K,853867342949515315
PDA #3KÊ°áµ’áµ—,1131163131058601987
High School ğŸ“š,795202947709140992
Ãgora RevolucionÃ¡ria,708684845630357544
mobrekiâ€s,844087473558650940
SHIT HUB,940687628494315520
UNIÃƒO 10,837362410553475114
B A D ãªã‚‰ã¬,326771772689088523
Sylence FC - Luto ğŸ‘‘,743308232671494165
Maximus Roleplay,967660874397519953
SÃ£o Paulo,886786785512919122
Czz,933479660354957363
âš¡TNS COMMUNITYâš¡,1038267762163859526
DZ 3,823995558342688778
MineWorld â›,1036271498412965928
Emphasis,1012897952907415745
VetzDevs ğŸ„,958380451184148500
ğŸŒ€ Iris Scanlator,562040230035849226
Portal mkg,906997132710527036
NTP,896813130896777216
FamÃ­lia JT,1047513919150903376
Riot Accounts-Valorant,904500220983930891
Sweetheart! æ˜¯,1051117194584522812
BZA - Brazil Alliance,616047866028490753
â¤ğŸ’™ á‘­ett e á—°imi | áµ’á¶ á¶œâ€¢,523109593186828298
ğ™¼ğ™°ğšğ™¸ğ™°ğ™½ğ™°ãƒ»ğ™½ğš„ğ™³ğ™´ğš‚,696571202482995251
é¬¼ Cabana dos ONI,1107554415298236512
PackHub ğŸ˜ˆ I PACKS DO DISCORD,1009838217715011656
MASTER DECK,695051332402282518
Schemaposse,1085407352188043304
Chess Club BR/PT,768096108165332992
ğŸ° Low Community MTA:SA,849507122361270302
â˜ª á´›Êœá´‡ á´‡á´á´˜á´›Ê,933487121291952209
Games e Coisitas a Mais,774034388811644958
ğŸ“¹ DivulgaÃ§Ã£o de C.D.C ~ #3K,659503951561097217
LEON SERVER,740964078486290595
JoJo's Bizarre Adventure Brazil,331119862825091076
FETICHES & ERP || BR,905583137143263243
ğğ¨ğğ¨ğ¥ğšğ­ğ«ğ¢ğš ğğ«ğšğ¬ğ¢ğ¥,837752529575739419
Diskus Comics,755927157951430786
Heiwa,1119636712394588191
Dead By Daylightãƒ»SA,1109225761023475804
ğŸ”¥Bar dos InsanosğŸ‘¾,1059966615497752737
RAKAL 4:20 YOUTUBE,829809651864305694
â„ ParaÃ­so Otaku ğŸ„,724581800709718037
JaponÃªs Brasil,676162532397940737
Devil's Brigade #3K,1047838697728528394
Libertas Unius,837343837407936602
ğŸƒ CDPãƒ»HOTãƒ»+18,1023921059193438230
NeewLand Minecraft Server,764979178289496064
Call of Duty: Mobile Brasil,564119590896926720
ELFO SCRIPTS,668128366888484882
AnimePLUS,864252583584464956
Gartic Phone BR,770872456276738108
â­NAVE GUSNIGMAâ­,501787516773597205
Infinity Media Â®,883416630313517087
ğ˜¾ğ™‡ğ™ğ˜½ ğ˜¿ğ™Š ğ™‹ğ™ğ˜¼ğ™•ğ™€ğ™ğŸ”¥ #3k,914939624412028981
Genius Machine (DESATIVADO),764669183660130345
ãƒ»Shinobis | Ë¢Ê°á¶¦â¿,696054725417762836
Fabio Store,1080263739468697680
Provedora Universal Hosting - Qualidade + SeguranÃ§a,736669987783180349
Kingdom of Games,451078616135106560
Divinitys å¹³å’Œ,903746949897941053
ERREJOTA,1057157257307111504
gifclub Â©,1064951506442408066
ğŸ”¥ Onlyfans Hot ğŸ”¥,822686962653200395
â§‰ ğ— ğ—®ğ—´ğ—¶ğ—° ğ—©ğ—®ğ—¹ğ—¹ğ—²ğ˜† â§‰,975407643181064252
GeForce NOW Brasil,693999064328699965
AnimeBlox,754299424003457145
É¢á´€Ê™Ê€Éªá´‡ÊŸ ÊŸÉªá´á´€ sá´›á´Ê€á´‡,1096478870137491456
365 DAYS,974725794037387273
NOOBS EM AÃ‡ÃƒO #3K,670847168923303938
MIGRAMOSğŸŒ¸,886653804475473940
MYTAxp ã€Œ Xora Poko ã€,578388243175964684
â˜• Cafeteria do Biel,1043274767102398555
ğ–¤BitterğŸ«€Promised,720394519656530070
A Taverna | ERP,912766643728429096
Chama No Link,692769195779293244
ğŸ”¥ ğŸº Î” Òœ Å¦ ğŸº ğŸ”¥,1106826932043124796
RaioServer - RPG ğŸ²,1018957634314973194
Magic: The Gathering Arena Brasil,442069830388940822
Syxes â–¶,1059617133920788520
Nootz Host - NH,724354340202086500
IrmÃ£s a obra sem obra,998954939105681528
Perdidos no DiscordÂ®,1007033715970543710
Artistas ğŸ¨,357954264733188118
3 Convites = 50$ Gift Card,729470695880261712
Duvale,1157553941723217960
RDS HOT ğŸš·,1029150756424663141
vo cutuca seu boga,942245856449556571
New World SA,1016362568631197746
PSX Central,904803959083004004
Pinwheel,861313067291115541
Casinha,759170962691981333
ğ˜¾ğ™¤ğ™¢ğ™ªğ™£ğ™ğ™™ğ™–ğ™™ğ™š ğ™™ğ™– ğ™€ğ™£ğ™©ğ™ğ™™ğ™–ğ™™ğ™š,917812144513380402
Fenix Hype 2.0 - RP | SAMP,826488634618282014
fofos city,765240194643001355
Seoul Roleplay,902004937687445514
ğŸ’¢ğ’DESTRUA-SE ROBLOXğ’Œ‹ğ’Œ‹ğ’Œ‹ğŸ’€,793123281473372200
[RP] ğ‘»ğ’‰ğ’† ğ‘¬ğ’”ğ’‘ğ’†ğ’„ğ’•ğ’“ğ’ ğ‘¼ğ’ğ’Šğ’—ğ’†ğ’“ğ’”ğ’†; Era das Trevas - S.7,1020877828763439205
ğŸ” Pattizinha.Santos ğŸ”¥,1075015167286452264
SERV ' I N Z ğŸš€,920556888079360041
CzarskistÃ£o,1048416560257183785
LEAO DEVELOPER,983404983489822780
zzz,461730594662121472
Zona dos Amigos | #2K - Discord Official Â©,345619225869811713
ãŠ™ Dark Night ğŸŒ™ ã‚ | ImpÃ©rio Night.,705252710613778432
ğŸ„á”•á•¼á—©Ãã€‡á—¯ á—¯ã€‡á–‡á’ªÃğŸ„,793410942045913139
ğŸ¥¨ | DivulgaÃ§Ã£o RP/RPG,652180309076475904
ğŸ”¥MAGO PACKS #2K,916093825729048627
GeraÃ§Ã£o 144k ğŸ„,902659504565526620
RPG HUB,838238731474829322
Script Kiddies' #TKA,1086424970281893999
Web Love 4.0,919725340069335081
Mine City,983129441146396723
Midnight Alley #2K,892463875591643176
æˆŠ'Lost Lineageãƒ»ğŸŒ™,1019040259872399420
ğŸ‡³ğŸ‡± 4v4 Da Holanda ğŸ‡³ğŸ‡±,883909647449325588
ConexÃ£o Host - Fechada Temporariamente,690429090229911613
ZÌ¶EÌ¶â™SÌ¶ãŠ­TÌ·EÌ·AÌ·MÌ·,664261199210217503
Cantinho do Prazer áƒ¦ 3k,1048718852873257134
Universo Paralelo,812926553276416020
ã€Œ ğŸ”¥ ã€ğ•Šğ•™ğ•šğ•Ÿğ• ğ•“ğ•š ğ•Šğ•¡ğ•šğ•£ğ•šğ•¥ â”Š#2200,800045316086824961
ğŸ…ğŸ¼ Dev. Center Oficial - Season 2,724823792794337301
ğ·ğ‘ğ‘Ÿğ‘˜ ğ‘…ğ‘œğ‘œğ‘š,1058755305422458910
ğŸ§¬ Umbrella Corporation,938142298754154596
â˜ªOÆ¬AÆ˜USâ™¤Æ‡RIÆÆ“ÆSâ˜ª #5K,809507759485222954
Sâœ¨K,1064406899824537691
Central Dos Games,872197692816773140
MIGRAMOS!,954457249840005192
patricinhas,934298141426085949
Hashira HandBook,1019282628916035744
Miami Vice Beach,1136335006378250290
Faixa de Gaza Roleplay,867877883870314547
RandolÃ¢ndia,1018710710827618394
MINACCI Â©,1004715274324430849
Techmmunity,784050272263471145
â™° Gangue 69 â™°,765629163671257099
Elite Guardians,366841894031851525
Danny Barbosa StudioÂ³â„¢ #1000,1065813783437643837
1upsmash - Smash Bros. Brasil,115596871996538884
ğŸŒˆ BraFurries - Furries do Brasil ğŸ”°,753321055682035712
ğŸ’© CrazyShit +18,1081723169573965925
NOVO IMPÃ‰RIO,888168535929532526
Minecraft em PortuguÃªs,787686038633840640
sexo,760566565501534238
Forza Brasil [MWBR],887497747459092500
ALLCENTER NETWORK,693888384262995980
ğŸ‘‘ BDR ğŸ‘‘,937704332122525846
Macrebs,889320497244962826
Delph's Loungue,1107055120132362361
ğŸŒº School of Yumaru [RP],1013844079047618652
â˜•Cantina do PapoğŸ©,907633893681807461
Boteco Das Puta,1151207811980730460
CafÃ© da Amanda,757289521816666252
ğŸ’» CPU | Discord,703034748666380288
Colmeia,1100827928666853456
Galaxy Developer's Season 1 #2k,877656095970164797
CodeCord #3K,1057561559389438042
gyako . . !,953298800909369384
ğ‘ªğ‘¯ğ‘¨ğ‘» ğ‘«ğ‘¬ğ‘ºğ‘¨ğ‘©ğ‘¨ğ‘­ğ‘¶,737811865782059039
Biblioteca da Meia-Noite,958436550130139167
Taverna do PÃ´nei DemonÃ­aco,641101787071250432
æ·±æ¸Š ! Ordem do Abismoãƒ»ğŸ”®,1022947480381440040
Servidor dos Cracudos,795451218209669152
Baguncinha ğŸŒº,760624024312610837
Midjourney Brasil,1008273340869398569
ğ“‚ƒ â‚ŠËš â„ áƒ¦ Snow Friends GFX #3Kâ™¡,771369832187953152
â˜„ .Â°â€¢ï¾Ÿï½¥ ğ·ğ‘Ÿğ‘’ğ‘’ğ‘šğ‘¦ ğ¶â„ğ‘ğ‘šğ‘ğ‘–ğ‘œğ‘›ğ‘  ğ‘…ğ‘œğ‘™ğ‘’ğ‘ğ‘™ğ‘ğ‘¦ ï½¥ï¾Ÿâ€¢Â°. â˜„,981273594963300382
Um Servidor aleatÃ³rio,836387844855037972
Street Fighter Brasil,201148607607472128
Dragon of Scripts,1000976425957998662
PokÃ©mon UNITE Brasil (Oficial),818506621415850025
â‚ŠËšâ˜†ï¸°âœ§ Bleach Reborn âœ§ï¸°ğŸ”¥âŠ¹Ëšâ‚Š #2.5K,995721240973160498
ğŸ¦‹ Magic Degenerado,621520708085743626
Sky Community,1138179992904286270
School Roleplay,702577294350221350
Pv On,960642149588803654
TD2,842489342194221146
SantuÃ¡rio do Avex,722253176283070506
IcedStoreÂ®,1076120122864967712
AleatÃ³rios ğŸ§™,893283271092350976
[TTBR] Temtem Brasil,661014514312937473
Bar de Esquina ğŸ»,822593972353368064
PSO2 Brasil,676466044302262272
Bh Store,1027747206977036371
Shinobi Tales | 11.0 #2.100,765792448701267998
MERCADÃƒO | PXG | GLA | OTP | ROTS | NTO,902225844125192203
Medley ğŸŒÂ®,815450434289532928
ğŸ¬ãƒ»HospÃ­cio,807012191903416371
bebelyxz,1083422074766381147
DARK PLACE,823781447848165417
ğ™•ğ™¤ğ™¤ğ™¢ - ğ™ğ™®ğ™¨ğ™©ğ™šğ™¢ | #2k,1098014702216421489
à±¨ğŸ–Œá°‹ï¹’Ä±lÄ± ã€‚ğ†aráƒ«á¥±á¥’ ğ–¦¹ğ–¿ ğ„ğ—ê«€rá¥’á°»ğ—y ï¸¶ê’¦ï¹•#2k...,1078557527253467197
ğ˜ğ˜ğ˜ğ˜›ğ˜Œ ğ˜ğ˜–ğ˜“ğ˜ ğŸ”±ğŸº #2K,1036782636888248320
Cantinho do Tonardo,955592856058331156
Eterna Alpha Sports ğŸ’”,923732342001000468
/fazendinha,955142121113911356
The Government,806623220630683729
Kobayashi! People of culture,707195940318216222
ã€Šâ›©ã€‹ğ‘¶ğ’Œğ’‚ğ’šğ’‚'ğ’” ğ‘¨ğ’„ğ’‚ğ’…ğ’†ğ’ğ’š: ğ‘¹ğ‘·,982660051326107699
Beco do amor,1125175494556536842
Reinado Dos Estudiosos ğŸ‘‘,798055780204544052
Ghost,854355546734592000
SPACE X,757712303214035044
FederaÃ§Ã£o Tempest do Yomi,925897359471300608
BR STORE HOSTING // COMMUNITY,822155725744767046
Êš Midnight City É,841763328070123520
Portal Luz,902967176355536957
Paraiso dos Gifs - #3k,900190428589068321
ğŸŒ  Cometa Charlotte æ˜Ÿ (Servidor Fechado),910537243763044382
Vegas,1172228418985791488
ä¹ˆ Magia da Lua,869731450247843860
REINO DOS FLUXOS ğŸ’¸,480520327814971403
RDW ğŸ§¸,1000491573596917850
I. D. W. ğŸ… #2k,948023408539631698
ğŸŒ¸HOSPÃCILO DA SAKURAğŸŒ¸,892265702952665099
Poneitudinho,735268367178399784
Kombopvp.net | Prison & KitPvP & Survival,1126126208082513970
Mundo do Sexo,1060285491729158286
"em breve ""swarm""",882702359451553799
Otakus BR,828415559183630357
Sweet Kingdom#3K,785085720725159936
BRASIL INSANOS,821211193858850836
Farm de LoL TFT Fortnite & Overwatch,755201015799873586
RefÃºgio dos Crias,928096006501986314
ImpÃ©rio do Kingg,930108325834686485
âœ¯Central Gamesâœ¯,1059963386273742959
Estado de AG,697921195764351097
å®®æ®¿ Virtual Palace #25k,999038656885043201
AMEX Company,997264568206241802
r/TransBr,904056418141864016
ğ‘³ğ’• ğ‘¼ğ’ğ’Šğ’—ğ’†ğ’“ğ’”ğ’‚ğ’ ğŸŒœ #2k,1158496786810413117
LIKE ROLEPLAY,538833929650831371
UwU,920115318582571050
UniÃ£o Network - #2K,1101480181107015770
Bee Swarm Simulator (BR/PT),729878767492661308
LOST FRUITS #BLOXFRUITS,1047681811200888923
ğ™°ğš—ğšŠğš›ğšŒğš‘ğš¢,881716928140439582
Friends Apartment,712408294387351603
Comunidade Ruffer's,1059517183471919214
Universe MKT Digital,319600521575006219
Reino dos BudÃ©gas,759600607153094726
Hunt Brasil,814189491660390400
ImpÃ©rio Wikiano,487711434449354772
Awai house,1015388635291451493
Sus,670951384555716638
A Nova Realeza,708348481122861077
ğ™ğ™¡ğ™ªğ™­ğ™­ğ™’ğ™–ğ™«ğ™š,719723760697213019
SKR GIFâ€™s,740320540643819581
GTA PARTY,914202922546495498
TRP 7,882466913014407248
Guilda dos Aventureiros - RPG,805249833505783818
RESETANDO [RP] SHINGEKI NO KYOJIN,772404960267599892
ğŸ” Dubae (Hentai Boing) (NSFW),663169394796658700
"Masaki ãƒã‚µã‚­""",749501706076946432
Ex-machinist CLUB,1044358952760127518
Ronekos Star â˜…,1034093793542156338
Strawberry ğŸ·,817447709119873054
Geek Club,971459106395291748
Sampas Community,1109951115665088597
King communityğŸ‘‘,1059597056999702668
Ganrond :D,713243764277248030
ğŸ² Hodan House | å¹³å’Œ,891699787655675906
ğŸ† â€¢ CafÃ© Das 69â„¢,839147948238569555
minhas sissys,976261612342247465
è°·áŸ¸áŸ¸ Cafeteriaâ„¢ â˜•,790941511914618930
ã€˜ TAVERNA RP/ERP ğŸºã€™,1033886984256635022
Sea StoreğŸ¬#1k,1098461380358713416
Blox Fruits â€¢ BR,963832363270438982
Balaclava #2k,879850644708655164
Litha,788223086994522143
Weark,544709502239375366
Under Construction RP,848598871294214186
ğŸ‘¹à­¨ãƒ»ê’°ğ˜ğ˜³ğ˜¢ğ˜¯ğ˜¥ ğ˜—ğ˜ªğ˜¦ğ˜¤ğ˜¦ ğ˜™ğ˜±â„¢ê’±ãƒ»ãƒ½ã‚™â€§â‚Š,932011416242782208
æ­»One Piece Kingdomãƒ»ğŸ˜ğŸ–•,756594393179226255
Wmbrella Gaming Room,305236338523897867
ğŸŒ™ Assembleia da putaria,1076366438228570172
Greenit,725776817054810113
World of Linux! ãƒŸğŸ§å½¡,141148283471921153
Gang MamacoLouco,872057471492034560
ğ‚ğšğ«ğ¢ğ¨ğœğš ğ‘ğ¨ğ¥ğğ©ğ¥ğšğ²,965454335830024323
Animes CX,498662458769014784
ğŸ‡§ğŸ‡· Crossing & Coffee â˜•,953320294595063828
Castle Store,593967101090201611
ğŸ›One ğiece ğaradise RPğŸ› #1950,1008488416314400918
é ¹ Gods Of Paradiseâ„¢,619353359169748992
ğŸ¨ United Artists | UA OFF,801870869428961350
NTR BR,757798440875982970
Blacked Brasil,1088939355302809600
Winterhold College - RP,711831602061246486
ğŸ„| Cafeteria Dud's,935610056710455336
MaxGames,874399216976425000
PokÃ©star #1.8k,922951836649021501
Elden Ring Brasil,802965173132460032
vÃ¸dka,847216162445983774
ğŸ† â¡CYBERANIMEâ¦ ğŸ†,666117371026735105
VENIX STORE - OFICIAL #2K,964569263593631764
CAFOFO DO DINOX ã€½,1006230624660619345
ğŸ¥¤ãƒ»Family Tavio # 30K,810981818513096725
Tharftha RPG,723659567761981593
Gyutar Tato,1056187022185877596
SEXO GRATIS,938153784046129173
ZentriX RP [MTA] Â©,828161663752208414
Dream Forward (Arquived),822548265177579620
Servidor Do Nickemanzero,332950003175915525
Recanto dos sentimentos,937369585240391720
ğŸ–¤RAVE NIGHTğŸ–¤,865806292793425951
ğ™ˆğ™–ğ™˜ğ™§ğ™¤ğ™“,1103122448897019958
ğŸ‚â†³ Shinobi War â€” Naruto Medieval ã‚ 1.3 è´§â‚Š,949456184719601664
CV3D #2.000,930636228288708619
Willard Carroll Smith Jr.,761892254519918592
Reino do Amendoim ğŸ›•,729486515779928166
ğ‘¬ğ’ğ’…ğ‘³ğ’†ğ’”ğ’” ğ‘¾ğ’‚ğ’“ #2k,925128909387862036
Mundo dos gatos #2000,1095037438197502012
ğŸ„ VIVENDO NO LUXO ROLEPLAY,934508232758681640
Party Animals Brasil,1035937126015058040
Orleans RP,1000376698652602388
Quartinho da lolizinha â¤ğŸ”¥,983956088162504725
ğŸ§Š ãƒ» Cold Forest ã°,879607458652356618
ğŸ–¤ï¹’MORTOï¹’Sorcery Memoryï¼á¶»z,841445322223648789
Comunidade Perversus,910194168163336252
Tropa Do Medo,998658709368610876
Godot Brasil,471147340212994050
The Codersâ„¢,677642178083946580
å¤©å›½ Celestial Heaven,1060211628404113618
Otaku F*dido,957757847968555018
Yoxihn Club,807078502767525898
GalaxyZone #Novidades em Breve,834933416125923429
ğŸ† SANTARÃ‰MğŸ†,819468920682446868
Nice HostingÂ© #2k,852296224698007572
SufWorldğŸš€â€Š #2K,874695246515167273
â˜• TripulaÃ§Ã£o do CafÃ© #15k,972284486186328134
StarBuxx #2k,1069454503897726976
F R E Y A L U X U R Y C I T Y [ERP],745457213379706911
Apollo-11,710246790485508129
Tempest's,975490474674622484
HospÃ­cio Family,965231796738478160
BRZINSP_OFICIAL #2K,427137392319922186
â˜…å½¡ [RP] ğ—ğ—»ğ˜† ğ—Ÿğ˜‚ğ—® ğ—–ğ—®ğ—¿ğ—ºğ—²ğ˜€ğ—¶ğ—º ğŸŒ•å½¡â˜… GEN 5 2.0,1062127067342307438
ImpÃ©rio do Taki | ğŸ‘‘,833167070153670726
Feudo SBepost,301473224342896641
Discorplace #ğŸ“šâœ¨ğŸ“»,935531232358449172
TROPA DE KONOHA,1012427478419111987
ğŸ¥ æ„› ğ™° ğš‚ğšğš—ğš—ğš¢ ğ™³ğšŠğš¢ # ğŸ¸ğš” â˜€,870871923926646874
'777 ğŸŒ¹,768981769973661696
Moonlight,796206818644721715
CDP [what to do?],868485747144003634
Red Dead Online BRASILâ„¢,871494567587876914
Web Chat #2kâ”ƒAnimes & Jogos,1005547616513294367
Hentai Club #2K,898253631608991818
T1zzo Store,797585630275043360
ğŸ”¥ğŸ˜24hrs de Puro cabarÃ©ğŸ˜ğŸ”¥,974837266142859315
Draconic Hunters,887547540004814939
NWG - New Genesis,1033109596157530163
Wave-X â€¢ Clan || SGâ„¢,936152181730598953
â¸â¸ Scarlet Island âœ¦â‚Š #2k,768101173500444762
paquera namoro amizade paqueras namorar amizades relacionamento relacionamentos - Altair Kusanagi br,935634114197999636
Music,765017419508219914
Cozmin,738741540662542387
MundoGamerâ„¢,233437911071195136
KZ COMMUNITYğŸ„#2K,1145093212353089559
â„ | RAGNARÃ–K,954433665650278440
Fabricantes De Problemas,917136952376053850
apocalispe X,1013088867047440435
Zero Shop,886787013737611346
Cantinho da LyhğŸŒ¸,1035742624360972309
PORNOZÃƒO +18,1040241970829860925
PSF 2k,882438932330078238
PorÃ£o da Weeb â„â˜ƒ,841459210369105972
100 NAÃA,1087000622743687290
ğŸ‘‘ï¹ğ‘ğğšğ¥ ğğ¢ğğœğ : ğ‹ğ¨ğ¬ğ­ ğ“ğ«ğğšğ¬ğ®ğ«ğï¹—,1083572045226455121
Academia dos Gamers,809102006639394836
Bar da Vi Brasil,967995636035244033
POUCO PROVÃVEL,972180602189152326
GG IZI,867349496807424030
Iá¥´á¥± Crá¥±á¥²ê§‘,784537732059758642
âœâ‚Šê’°â­ê’± â€¢ ğ˜½ğ™£ğ™ğ™– â€¢ ğ™„ğ™£ğ™™ğ™ğ™«ğ™ğ™™ğ™ªğ™–ğ™¡ ğ™’ğ™¤ğ™§ğ™¡ğ™™ Ëšâ‚Š,964247348463173652
Familia Devilâ„¢ ğŸ˜ˆ,957648378358034452
á±–ğŸª Genshin Worldâ­’â—à£ª ğ“ˆ’,929919538093518918
ğŸ§¬CENTRAL INFINITYğŸ§¬,925170475460624394
compulsivas,957101561593606164
Grama do Vizinho (18+),963935292446871642
ä¼š Universal Gifs' ğŸš€,711209068278185985
ğ“ğ‘ğğğ€ ğƒğ ğğˆğ“ ğŸ¥¶,772603451388592199
Coronel S2,808146026425745418
Rage Quit,665639253023391764
NortePT Comunidade,851957117458972682
âœ¨ Î£MOJITOPIÎ› BR âœ¨,478566000737124392
â€¢â€â· ï½¥ ğŸŒ™ ï½¥ RefÃºgio | #2k,1077828382173167627
E-girls' Attic #2K,846202427962425345
æ„› - Celestie Sea,987363677067943956
Moon Palace,860497431967301652
RetrÃ´ #1.6K ğŸ¥,1028105841125101628
Strawberryâ€™s ComunityğŸ“,1017984241360973844
GabiCode,911067021209391135
MINEIRO FLOW SV,757692198325321768
Mudamos,932324914680176691
Asuka's Brothel â¤,1042965327937552404
MINECRAFT PE,966434648894898187
ğ€ğ©ğ©ğğšğ¥ğ¬ ğ…ğ«ğğ,886347807148097577
twitch.tv/furionnzxt,1118640397032374424
Anormaly's Mm2,1069312663470997514
GDJ - Grupo de desenvolvimento de jogos,663725371773943828
ERP Brasil,690805057985183794
ğŸ’¸ Jovens MilionÃ¡rios ğŸ’¸,1043193529771507846
ğŸ”¥ inferninho ğŸ”¥,913103244883017768
Thomaz's Cord â‚ŠğŸŒº,761319284588675074
ğŸŒ´HAVANA RPğŸŒ´,725388427540824087
Infinite Majesty â€” â„,1066742166245888090
ê’°Abiguinhosï¹’ãƒ»Ë– #2k,923672013053231115
Gaigaia,523460967309377537
Heroes: Online BR,981716609070694421
ğŸ•| Friends of Freddy Fazbear's Pizzeria | FNaF 6 Edition ğŸ¤,708762129905483856
Overwatch Brasil Insight,517732666737426472
ğŸ’œ LP â€¢ Mods & Store,825416378495270984
Copo de Leite ğŸ¥›,757340238082211970
ğŸ“¢ SUPER DIVULGAÃ‡Ã•ES ğŸ“¢ #800,732361567315820616
Sociedade Adeptos Webnamoro (+18),1100587348233822278
ğğˆğ„ğ‚ğ„ ğƒğ„ğ‹ğˆğ‚ğˆğ€ãƒ»#2k,842505921313243156
Alliessel,648966440585527306
Sensuality 2 invite = nuds ğŸ‘,1083900525365436516
Rn Community,949538160034074724
PomoTrem,750798378417389690
Mirai Translations,603325287832354855
BITBUNKER,1090364250335228104
Êš multiverso otakuâ„¢ â€¹ğŸ¹,1012764723445506138
Hotbanshee Heart,960697326282891366
The Spades ğŸ”¥ | #1K,929437222153887807
LÃ˜JINHA DE 1 R3AL,1004782551312891954
EDITORS BR ğŸ¬,955203502483861514
Lost's 7 Community,940460592429432884
Eternity Animes,700057607783579699
Server da eshiikk,811027669554036746
Brasil ConexÃ£o Apollo #2K,677930081859010597
TBL,1168600146213355614
Gacha Community,973310010572570696
â¾• Animes Revivalâ”ƒ#5K çŒ«,1036750134794518528
ğŸ”¥ Pandes D' Monkey #16K,988210433963999282
UP - Universo Paralelo,1061803427614703626
Dying Light BR #2k,1043245514063364208
Recanto dos Virgens,838463125526937620
æ„› â€¢ Anime House â€¢ â¾•,790222431784009748
[GSPS] Shop #3k,1154237743954665553
ã€ğŸ”¥ Yuusha No Sekai! - RP ğŸ”¥ã€,1067860124540080240
Marcos Drumom #100k,673150198515499008
The Shelter,742463611594604604
Palia - Brasil ğŸ‡§ğŸ‡·,1104935928159543376
Dkt vendas [+18] ğŸ˜ˆ #2k,961759321639755777
Dynasty Society #2K,806624150814720021
NFT | GAMES,879215515493601320
NewLands Servers,736312710173818971
Cafofo da PÃ£o ğŸ,1015683116276383924
Night Gamers,784201414704103455
GTA Online BR,950546687477317663
Indie's Community ğŸ“,617055409697718282
Galaxy Anime's & Social åˆ,887098989109993473
FutVerse âš½ & Futebol,1089972652871000164
ğŸ’ª | PassioneV2,737881658061094972
ğŸ†Tropa Da Cosmolandia,813148645250957343
â›©ã€˜Dragon ball - RP : Space ã€™,796726780878782465
âœ¨ Neo Piece (em Ã“bito)ï¹RP/RPG #1.5k,1017920752881782844
Stray Kids BR ğŸ¸#ROCKSTAR,954465039438450689
Sunest,981354171213168720
ImpÃ©rio das Almas,1078098529047818355
Sr Carlinhos - Memes,879398935460999228
U Reinu,733288139753521283
Castle Of Anime's ç¬¦,1052745768882155650
Carlinhos Nation,1062978478363918387
DUSSK UNIVERSE #2K,944659822756888657
Elevar 369,1077361010639372288
ğ€ğ’ğ†ğ€ğ‘ğƒ,824254880575258674
Extermine eSports,687299215759638580
Fastcode store,1058457685902774353
ğŸƒï¹’Station Coffee,772182631798276158
Juh Store MM2',829732917390344232
Little Island,889666710221783050
GIRLS +18,1029113789272047737
ğŸª„ï¹’Destiny Light êœêœ,760668313759252531
Servidor do MonochampionYT,727210071272194108
VIPERS,709067489551712267
Geek Lineage,954149109395230751
Creative Club ğŸŒŠ Suporte & Comunidade,895756577859059753
ğŸš€â”†SÃ£o Paulo RolePlay - Season 2 ğŸ…,763550993907974164
Black Friday Gacha Store #14k,1173684337770774568
ğŸ“¢ NXS DivulgaÃ§Ãµes,1134296552849014804
ğŸŒğ–ğ¨ğ«ğ¥ğğ–ğšğ«ğğ‘,849696655510863914
MUDAMOS DE SERVER!!!,788025016209768479
ğŸ” CabarÃ© Secreto,796407000409178142
â›ğŸ¬ğ“‚ƒ(é’âœ The Foundation )áª,1049483502011285514
Infinity GG,927538090589954088
ğŸ‘‘ Lotus Lounge,1150529420835176558
ããƒ»Black Lineage,930210838973939775
CAFOFO DOS MACACOS,933958627734224977
Cavaleiros do Among Us Oficial,838443961211158608
Corey's Market,850118699884609596
ğŸ©¸ãƒ»TWDâ„¢ - Unturned,873757956552949782
Vale Das E-Girls ğŸ”¥,734871287603658795
ySnow Packs 3k,943670028509773925
Tropa Do Bronks,1110255872631898124
Covil7 Store,1048757196030234714
Ryex,879204191535505470
Rocket Vendas ğŸš€,516331961506070528
ğŸ°â€¢ à¹–Ì¶Ì¶Ì¶Î¶ÍœÍ¡New Fantasy {ğ‘…ğ“Ÿ},801929817703972924
puteiro online,777614434368618517
The Next Generation,456940363471650826
CalÃ¡bria Roleplay,1075077826799210617
NARUTO STARS RPG #1500,924513165809696768
Aquarius Lab ğŸ§™,932539524486135828
Blue Phoenix,745337964548194335
Golden Knights,743299433336274988
Lunar City ğŸŒ™,701241375349276674
Fnaf Pixel Simulator/Fan Game ğŸ‡§ğŸ‡·,1113191854788329522
Union Servos,782764560989814795
Duppy Store #4k ğŸ‘½,759433044393590795
TGS| The Guris Society #2k,1085366699852836886
Prosperity,945647101671522326
ğŸ‡§ğŸ‡·BRASIL ULTRA ROLEPLAYğŸ‡§ğŸ‡·,762509448656715846
ğŸŒˆ ğˆğ¬ğ¥ğšğ§ğ ğğšğ«ğšğğ¢ğ¬ğ'ğ¬ â€¢ ğ‘ğ/ğ„ğ‘ğ ğŸ,899302251426897953
â˜… Kingdom Of Dawns ğŸ‰ËËŠË— #2k,756962335381389421
ğŸ–¤ â€¢ Nioharo #2K,1068709315063578654
â™¡ Coffe with love â™¡,1023423259187892234
â˜•ãƒ»â”ƒCafeteria do Hideri!!,796332728332845056
Web Love ACABOU!!!,854064131408658452
ê’° ğŸª¸ ê’± à£ªğ“‚‚ ×… ê©œlympus .áŸ.áŸ Û« â­’,1064045315914727495
CDR ğŸ¹| #1K,1118157014200234004
ç« Curry Island 'ğŸœ,864276357055512587
Tokyo Kings ğŸ‘‘,858313382017237012
Mundo AquÃ¡tico,768847611163443241
Pixelart Brasil,506180374112632863
AVAKIN LIFE BRASIL,990276652871344138
â›© Cidade Otaku #2k (em reforma/hiatos),920646194789748767
Ê™á´€ÉªÊŸá´‡ á´…á´€ á´€á´‹á´€á´›sá´œá´‹Éª â˜…,709785158311608400
ğŸ£ï¼´á´á´‹Êá´ á´á´€É´á´ŠÉªá´³áµƒâ¿áµğŸ¥¡,811477097285419078
IMPERIO_SEXğŸ”,773994571687526420
rehzinha,865856347140653086
Migramos,962141062103695380
TKF,864516759221698561
OKTOBERFESTğŸ”¥,767859171168616469
MainStreet,1042530965219704922
New Empire's â”ƒ Memes e entretenimento,828381523564691506
Terraria iFunny,908842787900882945
â˜• Game Night | Animes & Jogos,1092948953315676182
death,1036711136323719269
Lins #2k,1136670050829467708
â˜ â€œğ™‰ğ™¤ğ™¢ğ™š ğ˜¾ğ™§ğ™ğ™–ğ™©ğ™ğ™«ğ™¤â€,779769416245706764
à¹‘ï¹’ğŸ«§ï¹•Ë“ ğ’outh ğiece ğ‘ğ : Rumo Ã  Grandlineå—,1043594391450816653
ËË’å‹ Â°ğ½ğ‘¢ğ‘—ğ‘¢ğ‘¡ğ‘ ğ‘¢ ğ‘†ğ‘â„ğ‘œğ‘œğ‘™.ğ–¦¹Ë–à£ªğ–¥¨,974753899212857384
LS Stories Roleplay,527482705491918858
Lolly's Bizarre Adventure,847504416319471666
â€¢ ğŸ migramos,932831094347276298
trator,775685355127046164
Mcbe Brasil,434139133569662976
Comando da RoÃ§a ğŸŒ´,865348976886153247
Sacrott D'OrittğŸš,588056992812105787
âœ½ãƒ»Biblioteca 2023ãƒ»âœ½,893962908101382215
Server da Manu ğŸ§ #2K,872878233639587880
migramos...,853076182089596958
Aomossekai | #2k,935910788189810800
ğŸ‘‘ Sindria,771444824041586699
Koda (Migramos),640675075066167345
Nitro Power ğŸ,1031198787923886120
ã€Œâœ° âœ° âœ°ã€â”‡ ğ˜ğ¨ğ®ğ« ğğ¢ğ³ğšğ«ğ«ğ ğ€ğğ¯ğğ§ğ­ğ®ğ«ğ: ğ‘ğ [ SEASON 3 ],920036005275381770
BOLEIROS F.C. #23,548665234471125023
æ„› Kingdom Fantasy (Descontinuado),736231888217440286
ğŸ”® Rede Amethyst Â©,551891615212634132
Konoha Brasilâ„¢ ğŸ‡§ğŸ‡·,726994613591736370
Hubbiz Digital,1127408474976948275
Cidade Mobile Roleplay #2K,784503528781512755
SÃ³ Lacoste ğŸŠ,916040270452228136
ğŸ”¥ LDL HOT ğŸ”¥,1106725349192118362
Mudae Custom Pics,879133438215594024
LIGAS CLASH,689601042077319233
Vasco da Gama,964558605108019260
æ„› Aniyan's Garden,546660755123077120
Comunidade - JKzin Mods,1005913033945665576
