ğŸŒ¸HOSPÃCILO DA SAKURAğŸŒ¸,892265702952665099
Poneitudinho,735268367178399784
Kombopvp.net | Prison & KitPvP & Survival,1126126208082513970
Mundo do Sexo,1060285491729158286
"em breve ""swarm""",882702359451553799
Otakus BR,828415559183630357
Sweet Kingdom#3K,785085720725159936
BRASIL INSANOS,821211193858850836
Farm de LoL TFT Fortnite & Overwatch,755201015799873586
RefÃºgio dos Crias,928096006501986314
ImpÃ©rio do Kingg,930108325834686485
âœ¯Central Gamesâœ¯,1059963386273742959
Estado de AG,697921195764351097
å®®æ®¿ Virtual Palace #25k,999038656885043201
AMEX Company,997264568206241802
r/TransBr,904056418141864016
ğ‘³ğ’• ğ‘¼ğ’ğ’Šğ’—ğ’†ğ’“ğ’”ğ’‚ğ’ ğŸŒœ #2k,1158496786810413117
LIKE ROLEPLAY,538833929650831371
UwU,920115318582571050
UniÃ£o Network - #2K,1101480181107015770
Bee Swarm Simulator (BR/PT),729878767492661308
LOST FRUITS #BLOXFRUITS,1047681811200888923
ğ™°ğš—ğšŠğš›ğšŒğš‘ğš¢,881716928140439582
Friends Apartment,712408294387351603
